score,confidence,method_same,bmc_index,bmc_section,bmc_title,bmc_method,bmc_uri,podm_index,podm_section,podm_title,podm_method,podm_uri
1.0,high,True,1,3.1.1,查询Redfish版本信息,GET,https://device_ip/redfish,1,4.1.1,查询Redfish版本信息,GET,/redfish
1.0,high,True,2,3.1.2,查询当前根服务资源,GET,https://device_ip/redfish/v1,2,4.1.2,查询当前根服务资源,GET,/redfish/v1
1.0,high,True,3,3.1.3,修改当前根服务资源,PATCH,https://device_ip/redfish/v1,3,4.1.3,修改当前根服务资源,PATCH,/redfish/v1
1.0,high,True,4,3.1.4,查询Metadata文档,GET,https://device_ip/redfish/v1/$metadata,4,4.1.4,查询Metadata文档,GET,/redfish/v1/$metadata
1.0,high,True,5,3.1.5,查询所有资源的Schema文件,GET,https://device_ip/redfish/v1/JSONSchemas,5,4.1.5,查询所有资源的Schema文件,GET,/redfish/v1/JSONSchemas
1.0,high,True,6,3.1.6,查询单个Schema文件归档地址,GET,https://device_ip/redfish/v1/JSONSchemas/member_id,6,4.1.6,查询单个Schema文件归档地址,GET,/redfish/v1/JSONSchemas/{member_id}
1.0,high,True,7,3.1.7,查询单个Schema文件资源,GET,https://device_ip/redfish/v1/SchemaStore/language_id/file_id,7,4.1.7,查询单个Schema文件资源,GET,/redfish/v1/SchemaStore/{language_id}/{file_id}
1.0,high,True,8,3.1.8,查询所有归档资源,GET,https://device_ip/redfish/v1/Registries,8,4.1.8,查询所有归档资源,GET,/redfish/v1/Registries
1.0,high,True,9,3.1.9,查询单个归档资源,GET,https://device_ip/redfish/v1/Registries/registries_id,9,4.1.9,查询单个归档资源,GET,/redfish/v1/Registries/{registries_id}
1.0,high,True,10,3.1.10,查询OData服务文档,GET,https://device_ip/redfish/v1/odata,10,4.1.10,查询OData服务文档,GET,/redfish/v1/odata
1.0,high,True,11,3.1.11,查询系统概览信息,GET,https://device_ip/redfish/v1/SystemOverview,12,4.1.12,查询系统概览信息,GET,/redfish/v1/SystemOverview
1.0,high,True,12,3.1.12,查询性能数据采集服务资源,GET,https://device_ip/redfish/v1/PerformanceCollection,13,4.1.13,查询性能数据采集服务资源,GET,/redfish/v1/PerformanceCollection
0.7692,low,True,14,3.2.1,查询管理集合资源信息,GET,https://device_ip/redfish/v1/Managers,15,4.2.1,查询服务器当前管理集合资源的信息,GET,/redfish/v1/Managers
1.0,high,True,15,3.2.2,查询指定管理资源信息,GET,https://device_ip/redfish/v1/Managers/manager_id,16,4.2.2,查询指定管理资源信息,GET,/redfish/v1/Managers/{manager_id}
1.0,high,True,16,3.2.3,修改指定管理资源信息,PATCH,https://device_ip/redfish/v1/Managers/manager_id,17,4.2.3,修改指定管理资源信息,PATCH,/redfish/v1/Managers/{manager_id}
0.6316,medium,True,18,3.2.5,恢复出厂设置（自定义接口）,POST,https://device_ip/redfish/v1/Managers/manager_id/Actions/Oem/Huawei/Public/Manager.RestoreFactory,27,4.2.13,恢复整框出厂设置,POST,/redfish/v1/Managers/{manager_id}/Actions/Oem/HuaweiPublic/Manager.RestoreFactory
0.8837,medium,True,21,3.2.8,导入BIOS、BMC和RAID控制器配置,POST,https://device_ip/redfish/v1/Managers/manager_id/Actions/Oem/Huawei/Public/Manager.ImportConfiguration,18,4.2.4,导入刀片服务器BIOS、BMC和RAID控制器配置,POST,/redfish/v1/Managers/{manager_id}/Actions/Oem/HuaweiPublic/Manager.ImportConfiguration
0.8837,medium,True,22,3.2.9,导出BIOS、BMC和RAID控制器配置,POST,https://device_ip/redfish/v1/Managers/manager_id/Actions/Oem/Huawei/Public/Manager.ExportConfiguration,19,4.2.5,导出刀片服务器BIOS、BMC和RAID控制器配置,POST,/redfish/v1/Managers/{manager_id}/Actions/Oem/HuaweiPublic/Manager.ExportConfiguration
1.0,high,True,23,3.2.10,下载BMC文件,POST,https://device_ip/redfish/v1/Managers/manager_id/Actions/Oem/Huawei/Public/Manager.GeneralDownload,29,4.2.15,下载BMC文件,POST,/redfish/v1/Managers/{manager_id}/Actions/Oem/HuaweiPublic/Manager.GeneralDownload
1.0,high,True,24,3.2.11,进入最小系统,POST,https://device_ip/redfish/v1/Managers/manager_id/Actions/Oem/Huawei/Public/Manager.EnterRecoveryMode,31,4.2.17,进入最小系统,POST,/redfish/v1/Managers/{manager_id}/Actions/Oem/HuaweiPublic/Manager.EnterRecoveryMode
1.0,high,True,25,3.2.12,查询虚拟媒体集合资源,GET,https://device_ip/redfish/v1/Managers/manager_id/VirtualMedia,197,4.3.54,查询虚拟媒体集合资源,GET,/redfish/v1/Systems/{system_id}/VirtualMedia
1.0,high,True,26,3.2.13,查询虚拟媒体资源,GET,https://device_ip/redfish/v1/Managers/manager_id/VirtualMedia/CD,198,4.3.55,查询虚拟媒体资源,GET,/redfish/v1/Systems/{system_id}/VirtualMedia/CD
1.0,high,True,27,3.2.14,连接虚拟媒体,POST,https://device_ip/redfish/v1/Managers/manager_id/VirtualMedia/CD/Oem/Huawei/Public/Actions/VirtualMedia.VmmControl,200,4.3.57,连接虚拟媒体,POST,/redfish/v1/Systems/{system_id}/VirtualMedia/CD/Oem/HuaweiPublic/Actions/VirtualMedia.VmmControl
1.0,high,True,28,3.2.15,断开虚拟媒体,POST,https://device_ip/redfish/v1/Managers/manager_id/VirtualMedia/CD/Oem/Huawei/Public/Actions/VirtualMedia.VmmControl,201,4.3.58,断开虚拟媒体,POST,/redfish/v1/Systems/{system_id}/VirtualMedia/CD/Oem/HuaweiPublic/Actions/VirtualMedia.VmmControl
1.0,high,True,29,3.2.16,查询虚拟SP U盘资源,GET,https://device_ip/redfish/v1/Managers/manager_id/VirtualMedia/USBStick,202,4.3.59,查询虚拟SP U盘资源,GET,/redfish/v1/Systems/{system_id}/VirtualMedia/USBStick
0.7778,low,True,33,3.2.20,查询NTP配置资源信息,GET,https://device_ip/redfish/v1/Managers/manager_id/NtpService,33,4.2.19,查询NTP资源,GET,/redfish/v1/Managers/{manager_id}/NtpService
0.875,medium,True,34,3.2.21,修改NTP资源属性,PATCH,https://device_ip/redfish/v1/Managers/manager_id/NtpService,34,4.2.20,修改NTP资源,PATCH,/redfish/v1/Managers/{manager_id}/NtpService
0.6667,high,True,35,3.2.22,上传NTP组密钥,POST,https://device_ip/redfish/v1/Managers/manager_id/NtpService/Actions/NtpService.ImportNtpKey,35,4.2.21,导入NTP密钥,POST,/redfish/v1/Managers/{manager_id}/NtpService/Actions/NtpService.ImportNtpKey
0.9,high,True,36,3.2.23,查询SNMP资源信息,GET,https://device_ip/redfish/v1/Managers/manager_id/SnmpService,36,4.2.22,查看SNMP资源信息,GET,/redfish/v1/Managers/{manager_id}/SnmpService
1.0,high,True,37,3.2.24,修改SNMP资源属性,PATCH,https://device_ip/redfish/v1/Managers/manager_id/SnmpService,37,4.2.23,修改SNMP资源属性,PATCH,/redfish/v1/Managers/{manager_id}/SnmpService
1.0,high,True,38,3.2.25,修改指定用户SNMP v3加密密码,POST,https://device_ip/redfish/v1/Managers/manager_id/SnmpService/Actions/SnmpService.ConfigSnmpV3PrivPasswd,38,4.2.24,修改指定用户SNMP v3加密密码（未实现）,POST,/redfish/v1/Managers/{manager_id}/SnmpService/Actions/SnmpService.ConfigSnmpV3PrivPasswd
1.0,high,True,39,3.2.26,SNMP发送测试事件,POST,https://device_ip/redfish/v1/Managers/manager_id/SnmpService/Actions/SnmpService.SubmitTestEvent,39,4.2.25,SNMP发送测试事件,POST,/redfish/v1/Managers/{manager_id}/SnmpService/Actions/SnmpService.SubmitTestEvent
1.0,high,True,44,3.2.31,查询Syslog资源信息,GET,https://device_ip/redfish/v1/Managers/manager_id/SyslogService,58,4.2.44,查询Syslog资源信息,GET,/redfish/v1/Managers/{manager_id}/SyslogService
0.9231,high,True,45,3.2.32,修改指定Syslog资源信息,PATCH,https://device_ip/redfish/v1/Managers/manager_id/SyslogService,59,4.2.45,修改Syslog资源信息,PATCH,/redfish/v1/Managers/{manager_id}/SyslogService
1.0,high,True,51,3.2.38,查询KVM资源,GET,https://device_ip/redfish/v1/Managers/manager_id/KvmService,203,4.3.60,查询KVM资源,GET,/redfish/v1/Systems/{system_id}/KvmService
1.0,high,True,52,3.2.39,修改KVM资源属性,PATCH,https://device_ip/redfish/v1/Managers/manager_id/KvmService,205,4.3.62,修改KVM资源属性,PATCH,/redfish/v1/Systems/{system_id}/KvmService
1.0,high,True,53,3.2.40,设置KVM Key,POST,https://device_ip/redfish/v1/Managers/manager_id/KvmService/Actions/KvmService.SetKvmKey,204,4.3.61,设置KVM Key,POST,/redfish/v1/Systems/{system_id}/KvmService/Actions/KvmService.SetKvmKey
0.4571,high,True,54,3.2.41,查询iBMCBMC网口集合资源信息,GET,https://device_ip/redfish/v1/Managers/manager_id/EthernetInterfaces,46,4.2.32,查询PoDManager网卡集合信息,GET,/redfish/v1/Managers/{manager_id}/EthernetInterfaces
0.4,high,True,55,3.2.42,查询指定iBMCBMC网口资源信息,GET,https://device_ip/redfish/v1/Managers/manager_id/EthernetInterfaces/ethernetinterface_id,47,4.2.33,查询PoDManager指定网卡信息,GET,/redfish/v1/Managers/{manager_id}/EthernetInterfaces/{ethernetinterface_id}
0.4848,high,True,56,3.2.43,修改指定iBMCBMC网口信息,PATCH,https://device_ip/redfish/v1/Managers/manager_id/EthernetInterfaces/ethernetinterface_id,48,4.2.34,修改指定PoDManager网卡信息,PATCH,/redfish/v1/Managers/{manager_id}/EthernetInterfaces/{ethernetinterface_id}
0.4828,high,True,57,3.2.44,查询iBMCBMC服务信息,GET,https://device_ip/redfish/v1/Managers/manager_id/NetworkProtocol,49,4.2.35,查询PoDManager服务信息,GET,/redfish/v1/Managers/{manager_id}/NetworkProtocol
0.4828,high,True,58,3.2.45,修改iBMCBMC服务信息,PATCH,https://device_ip/redfish/v1/Managers/manager_id/NetworkProtocol,50,4.2.36,修改PoDManager服务信息,PATCH,/redfish/v1/Managers/{manager_id}/NetworkProtocol
0.8,low,True,59,3.2.46,重启iBMCBMC,POST,https://device_ip/redfish/v1/Managers/manager_id/Actions/Manager.Reset,51,4.2.37,重启iBMC,POST,/redfish/v1/Managers/{manager_id}/Actions/Manager.Reset
0.4,medium,True,60,3.2.47,切换iBMCBMC镜像,POST,https://device_ip/redfish/v1/Managers/manager_id/Actions/Oem/Huawei/Public/Manager.RollBack,52,4.2.38,切换PoDManager镜像,POST,/redfish/v1/Managers/{manager_id}/Actions/Oem/HuaweiPublic/Manager.RollBack
1.0,high,True,61,3.2.48,查询安全服务集合资源信息,GET,https://device_ip/redfish/v1/Managers/manager_id/SecurityService,54,4.2.40,查询安全服务集合资源信息,GET,/redfish/v1/Managers/{manager_id}/SecurityService
1.0,high,True,62,3.2.49,修改安全服务集合资源信息,PATCH,https://device_ip/redfish/v1/Managers/manager_id/SecurityService,55,4.2.41,修改安全服务集合资源信息,PATCH,/redfish/v1/Managers/{manager_id}/SecurityService
1.0,high,True,65,3.2.52,更新系统主密钥,POST,https://device_ip/redfish/v1/Managers/manager_id/SecurityService/Actions/SecurityService.UpdateMasterKey,368,4.10.3.8.2,更新系统主密钥,POST,/redfish/v1/Managers/manager_id/SecurityService/Actions/SecurityService.UpdateMasterKey
0.7778,high,True,69,3.2.56,查询SSL证书资源信息,GET,https://device_ip/redfish/v1/Managers/manager_id/SecurityService/HttpsCert,349,4.10.3.5.2,查询SSL证书,GET,/redfish/v1/Managers/manager_id/SecurityService/HttpsCert
0.6,high,True,70,3.2.57,生成CSR,POST,https://device_ip/redfish/v1/Managers/manager_id/SecurityService/HttpsCert/Actions/HttpsCert.GenerateCSR,350,4.10.3.5.3,CSR生成,POST,/redfish/v1/Managers/manager_id/SecurityService/HttpsCert/Actions/HttpsCert.GenerateCSR
0.6,high,True,71,3.2.58,导出CSR,POST,https://device_ip/redfish/v1/Managers/manager_id/SecurityService/HttpsCert/Actions/HttpsCert.ExportCSR,351,4.10.3.5.4,CSR导出,POST,/redfish/v1/Managers/manager_id/SecurityService/HttpsCert/Actions/HttpsCert.ExportCSR
0.8235,low,True,72,3.2.59,导入服务器证书,POST,https://device_ip/redfish/v1/Managers/manager_id/SecurityService/HttpsCert/Actions/HttpsCert.ImportServerCertificate,352,4.10.3.5.5,导入SSL服务器证书,POST,/redfish/v1/Managers/manager_id/SecurityService/HttpsCert/Actions/HttpsCert.ImportServerCertificate
0.8235,low,True,73,3.2.60,导入自定义证书,POST,https://device_ip/redfish/v1/Managers/manager_id/SecurityService/HttpsCert/Actions/HttpsCert.ImportCustomCertificate,348,4.10.3.5.1,导入SSL自定义证书,POST,/redfish/v1/Managers/manager_id/SecurityService/HttpsCert/Actions/HttpsCert.ImportCustomCertificate
1.0,high,True,74,3.2.61,查询SSL证书更新服务资源信息,GET,https://device_ip/redfish/v1/Managers/manager_id/SecurityService/ CertUpdateService,334,4.10.3.2.7,查询SSL证书更新服务资源信息,GET,/redfish/v1/Managers/manager_id/SecurityService/CertUpdateService
1.0,high,True,75,3.2.62,修改SSL证书更新服务资源信息,PATCH,https://device_ip/redfish/v1/Managers/manager_id/SecurityService/CertUpdateService,335,4.10.3.2.8,修改SSL证书更新服务资源信息,PATCH,/redfish/v1/Managers/manager_id/SecurityService/CertUpdateService
0.25,high,True,80,3.2.67,更新BMC证书,POST,https://device_ip/redfish/v1/Managers/manager_id/SecurityService/CertUpdateService/Actions/CertUpdateService.UpdateCertFromCA,353,4.10.3.5.6,SSL证书在线更新,POST,/redfish/v1/Managers/manager_id/SecurityService/CertUpdateService/Actions/CertUpdateService.UpdateCertFromCA
1.0,high,True,81,3.2.68,查询VNC资源,GET,https://device_ip/redfish/v1/Managers/manager_id/VncService,206,4.3.63,查询VNC资源,GET,/redfish/v1/Systems/{system_id}/VncService
1.0,high,True,82,3.2.69,修改VNC资源属性,PATCH,https://device_ip/redfish/v1/Managers/manager_id/VNCService,207,4.3.64,修改VNC资源属性,PATCH,/redfish/v1/Systems/{system_id}/VncService
1.0,high,True,83,3.2.70,查询SP服务资源,GET,https://device_ip/redfish/v1/Managers/manager_id/SPService,60,4.2.46,查询SP服务资源,GET,/redfish/v1/Managers/{manager_id}/SPService
1.0,high,True,84,3.2.71,修改SP服务资源属性,PATCH,https://device_ip/redfish/v1/Managers/manager_id/SPService,61,4.2.47,修改SP服务资源属性,PATCH,/redfish/v1/Managers/{manager_id}/SPService
1.0,high,True,85,3.2.72,删除SP服务的升级文件或者配置文件,POST,https://device_ip/redfish/v1/Managers/manager_id/SPService/Actions/SPService.DeleteFile,62,4.2.48,删除SP服务的升级文件或者配置文件,POST,/redfish/v1/Managers/{manager_id}/SPService/Actions/SPService.DeleteFile
1.0,high,True,86,3.2.73,触发导出SP服务的RAID当前配置,POST,https://device_ip/redfish/v1/Managers/manager_id/SPService/Actions/SPService.ExportSPRAIDConfigurations,63,4.2.49,触发导出SP服务的RAID当前配置,POST,/redfish/v1/Managers/{manager_id}/SPService/Actions/SPService.ExportSPRAIDConfigurations
1.0,high,True,87,3.2.74,更新SP相关的schema文件,POST,https://device_ip/redfish/v1/Managers/manager_id/SPService/Actions/SPService.UpdateSchemaFiles,64,4.2.50,更新SP相关的schema文件,POST,/redfish/v1/Managers/{manager_id}/SPService/Actions/SPService.UpdateSchemaFiles
1.0,high,True,88,3.2.75,收集SP相关的日志信息,POST,https://device_ip/redfish/v1/Managers/manager_id/SPService/Actions/SPService.Dump,65,4.2.51,收集SP相关的日志信息,POST,/redfish/v1/Managers/{manager_id}/SPService/Actions/SPService.Dump
1.0,high,True,89,3.2.76,查询SP服务的OS安装配置集合资源,GET,https://device_ip/redfish/v1/Managers/manager_id/SPService/SPOSInstallPara,66,4.2.52,查询SP服务的OS安装配置集合资源,GET,/redfish/v1/Managers/{manager_id}/SPService/SPOSInstallPara
1.0,high,True,90,3.2.77,创建SP服务的OS安装配置,POST,https://device_ip/redfish/v1/Managers/manager_id/SPService/SPOSInstallPara,67,4.2.53,创建SP服务的OS安装配置,POST,/redfish/v1/Managers/{manager_id}/SPService/SPOSInstallPara
1.0,high,True,91,3.2.78,查询SP服务的OS安装配置资源,GET,https://device_ip/redfish/v1/Managers/manager_id/SPService/SPOSInstallPara/osid,68,4.2.54,查询SP服务的OS安装配置资源,GET,/redfish/v1/Managers/{manager_id}/SPService/SPOSInstallPara/{osid}
1.0,high,True,92,3.2.79,查询SP服务的升级集合资源,GET,https://device_ip/redfish/v1/Managers/manager_id/SPService/SPFWUpdate,69,4.2.55,查询SP服务的升级集合资源,GET,/redfish/v1/Managers/{manager_id}/SPService/SPFWUpdate
1.0,high,True,93,3.2.80,查询SP服务的升级资源,GET,https://device_ip/redfish/v1/Managers/manager_id/SPService/SPFWUpdate/updateid,70,4.2.56,查询SP服务的升级资源,GET,/redfish/v1/Managers/{manager_id}/SPService/SPFWUpdate/{updateid}
1.0,high,True,94,3.2.81,升级SP或者升级固件,POST,https://device_ip/redfish/v1/Managers/manager_id/SPService/SPFWUpdate/update_id/Actions/SPFWUpdate.SimpleUpdate,71,4.2.57,升级SP或者升级固件,POST,/redfish/v1/Managers/{manager_id}/SPService/SPFWUpdate/{updateid}/Actions/SPFWUpdate.SimpleUpdate
1.0,high,True,95,3.2.82,查询SP服务的硬件信息资源,GET,https://device_ip/redfish/v1/Managers/manager_id/SPService/DeviceInfo,72,4.2.58,查询SP服务的硬件信息资源,GET,/redfish/v1/Managers/{manager_id}/SPService/DeviceInfo
1.0,high,True,96,3.2.83,查询SP服务的配置结果集合资源,GET,https://device_ip/redfish/v1/Managers/manager_id/SPService/SPResult,73,4.2.59,查询SP服务的配置结果集合资源,GET,/redfish/v1/Managers/{manager_id}/SPService/SPResult
1.0,high,True,97,3.2.84,查询SP服务的配置结果资源,GET,https://device_ip/redfish/v1/Managers/manager_id/SPService/SPResult/result_id,74,4.2.60,查询SP服务的配置结果资源,GET,/redfish/v1/Managers/{manager_id}/SPService/SPResult/{result_id}
1.0,high,True,98,3.2.85,查询SP服务的配置信息集合资源,GET,https://device_ip/redfish/v1/Managers/manager_id/SPService/SPCfg,75,4.2.61,查询SP服务的配置信息集合资源,GET,/redfish/v1/Managers/{manager_id}/SPService/SPCfg
1.0,high,True,99,3.2.86,查询SP服务的配置信息资源,GET,https://device_ip/redfish/v1/Managers/manager_id/SPService/SPCfg/cfg_id,76,4.2.62,查询SP服务的配置信息资源,GET,/redfish/v1/Managers/{manager_id}/SPService/SPCfg/{cfg_id}
1.0,high,True,100,3.2.87,查询SP服务的诊断配置集合资源,GET,https://device_ip/redfish/v1/Managers/manager_id/SPService/SPDiagnose,77,4.2.63,查询SP服务的诊断配置集合资源,GET,/redfish/v1/Managers/{manager_id}/SPService/SPDiagnose
1.0,high,True,101,3.2.88,创建SP服务的诊断配置,POST,https://device_ip/redfish/v1/Managers/manager_id/SPService/SPDiagnose,78,4.2.64,创建SP服务的诊断配置,POST,/redfish/v1/Managers/{manager_id}/SPService/SPDiagnose
1.0,high,True,102,3.2.89,查询SP服务的诊断配置资源,GET,https://device_ip/redfish/v1/Managers/manager_id/SPService/SPDiagnose/1,79,4.2.65,查询SP服务的诊断配置资源,GET,/redfish/v1/Managers/{manager_id}/SPService/SPDiagnose/1
1.0,high,True,103,3.2.90,查询SP服务的硬盘擦除配置集合资源,GET,https://device_ip/redfish/v1/Managers/manager_id/SPService/SPDriveErase,80,4.2.66,查询SP服务的硬盘擦除配置集合资源,GET,/redfish/v1/Managers/{manager_id}/SPService/SPDriveErase
1.0,high,True,104,3.2.91,创建SP服务的硬盘擦除配置,POST,https://device_ip/redfish/v1/Managers/manager_id/SPService/SPDriveErase,81,4.2.67,创建SP服务的硬盘擦除配置,POST,/redfish/v1/Managers/{manager_id}/SPService/SPDriveErase
1.0,high,True,105,3.2.92,查询SP服务的硬盘擦除配置资源,GET,https://device_ip/redfish/v1/Managers/manager_id/SPService/SPDriveErase/1,82,4.2.68,查询SP服务的硬盘擦除配置资源,GET,/redfish/v1/Managers/{manager_id}/SPService/SPDriveErase/1
1.0,high,True,106,3.2.93,查询SP系统擦除配置集合资源,GET,https://device_ip/redfish/v1/Managers/manager_id/SPService/SystemErase,83,4.2.69,查询SP系统擦除配置集合资源,GET,/redfish/v1/Managers/{manager_id}/SPService/SystemErase
1.0,high,True,107,3.2.94,创建SP系统擦除配置,POST,https://device_ip/redfish/v1/Managers/manager_id/SPService/SystemErase,84,4.2.70,创建SP系统擦除配置,POST,/redfish/v1/Managers/{manager_id}/SPService/SystemErase
1.0,high,True,108,3.2.95,查询指定SP系统擦除配置,GET,https://device_ip/redfish/v1/Managers/manager_id/SPService/SystemErase/member_id,85,4.2.71,查询指定SP系统擦除配置,GET,/redfish/v1/Managers/{manager_id}/SPService/SystemErase/{member_id}
1.0,high,True,109,3.2.96,查询SP插件集合资源,GET,https://device_ip/redfish/v1/Managers/manager_id/SPService/Plugins,88,4.2.74,查询SP插件集合资源,GET,/redfish/v1/Managers/{manager_id}/SPService/Plugins
1.0,high,True,110,3.2.97,查询SP插件资源,GET,https://device_ip/redfish/v1/Managers/manager_id/SPService//Plugins/plugin_id,89,4.2.75,查询SP插件资源,GET,/redfish/v1/Managers/{manager_id}/SPService/Plugins/{plugin_id}
1.0,high,True,111,3.2.98,安装SP插件,POST,https://device_ip/redfish/v1/Managers/manager_id/SPService/Plugins,87,4.2.73,安装SP插件,POST,/redfish/v1/Managers/{manager_id}/SPService/Plugins
1.0,high,True,112,3.2.99,删除SP插件资源,DELETE,https://device_ip/redfish/v1/Managers/manager_id/SPService//Plugins/plugin_id,90,4.2.76,删除SP插件资源,DELETE,/redfish/v1/Managers/{manager_id}/SPService/Plugins/{plugin_id}
1.0,high,True,113,3.2.100,查询诊断服务资源,GET,https://device_ip/redfish/v1/Managers/manager_id/DiagnosticService,91,4.2.77,查询诊断服务资源,GET,/redfish/v1/Managers/{manager_id}/DiagnosticService
1.0,high,True,114,3.2.101,修改诊断服务资源,PATCH,https://device_ip/redfish/v1/Managers/manager_id/DiagnosticService,92,4.2.78,修改诊断服务资源,PATCH,/redfish/v1/Managers/{manager_id}/DiagnosticService
1.0,high,True,115,3.2.102,停止录像回放,POST,https://device_ip/redfish/v1/Managers/manager_id/DiagnosticService/Actions/DiagnosticService.StopVideoPlayback,93,4.2.79,停止录像回放,POST,/redfish/v1/Managers/{manager_id}/DiagnosticService/Actions/DiagnosticService.StopVideoPlayback
1.0,high,True,116,3.2.103,导出录像,POST,https://device_ip/redfish/v1/Managers/manager_id/DiagnosticService/Actions/DiagnosticService.ExportVideo,94,4.2.80,导出录像,POST,/redfish/v1/Managers/{manager_id}/DiagnosticService/Actions/DiagnosticService.ExportVideo
0.5,high,True,117,3.2.104,截屏,POST,https://device_ip/redfish/v1/Managers/manager_id/DiagnosticService/Actions/DiagnosticService.CaptureScreenShot,95,4.2.81,截图,POST,/redfish/v1/Managers/{manager_id}/DiagnosticService/Actions/DiagnosticService.CaptureScreenShot
1.0,high,True,118,3.2.105,删除截屏,POST,https://device_ip/redfish/v1/Managers/manager_id/DiagnosticService/Actions/DiagnosticService.DeleteScreenShot,96,4.2.82,删除截屏,POST,/redfish/v1/Managers/{manager_id}/DiagnosticService/Actions/DiagnosticService.DeleteScreenShot
1.0,high,True,119,3.2.106,导出黑匣子,POST,https://device_ip/redfish/v1/Managers/manager_id/DiagnosticService/Actions/DiagnosticService.ExportBlackBox,97,4.2.83,导出黑匣子,POST,/redfish/v1/Managers/{manager_id}/DiagnosticService/Actions/DiagnosticService.ExportBlackBox
1.0,high,True,120,3.2.107,导出串口数据,POST,https://device_ip/redfish/v1/Managers/manager_id/DiagnosticService/Actions/DiagnosticService.ExportSerialPortData,98,4.2.84,导出串口数据,POST,/redfish/v1/Managers/{manager_id}/DiagnosticService/Actions/DiagnosticService.ExportSerialPortData
1.0,high,True,121,3.2.108,导出NPU日志,POST,https://device_ip/redfish/v1/Managers/manager_id/DiagnosticService/Actions/DiagnosticService.ExportNPULog,99,4.2.85,导出NPU日志,POST,/redfish/v1/Managers/{manager_id}/DiagnosticService/Actions/DiagnosticService.ExportNPULog
1.0,high,True,122,3.2.109,导出NPU运行日志,POST,https://device_ip/redfish/v1/Managers/manager_id/DiagnosticService/Actions/DiagnosticService.ExportNPUDeviceLog,100,4.2.86,导出NPU运行日志,POST,/redfish/v1/Managers/{manager_id}/DiagnosticService/Actions/DiagnosticService.ExportNPUDeviceLog
1.0,high,True,124,3.2.111,添加工作记录,POST,https://device_ip/redfish/v1/Managers/manager_id/DiagnosticService/WorkRecord/Actions/WorkRecord.AddRecord,101,4.2.87,添加工作记录,POST,/redfish/v1/Managers/{manager_id}/DiagnosticService/WorkRecord/Actions/WorkRecord.AddRecord
1.0,high,True,125,3.2.112,删除工作记录,POST,https://device_ip/redfish/v1/Managers/manager_id/DiagnosticService/WorkRecord/Actions/WorkRecord.DeleteRecord,102,4.2.88,删除工作记录,POST,/redfish/v1/Managers/{manager_id}/DiagnosticService/WorkRecord/Actions/WorkRecord.DeleteRecord
1.0,high,True,126,3.2.113,修改工作记录,POST,https://device_ip/redfish/v1/Managers/manager_id/DiagnosticService/WorkRecord/Actions/WorkRecord.ModifyRecord,103,4.2.89,修改工作记录,POST,/redfish/v1/Managers/{manager_id}/DiagnosticService/WorkRecord/Actions/WorkRecord.ModifyRecord
1.0,high,True,127,3.2.114,查询日志服务集合资源信息,GET,https://device_ip/redfish/v1/Managers/manager_id/LogServices,108,4.2.94,查询日志服务集合资源信息,GET,/redfish/v1/Managers/{manager_id}/LogServices
1.0,high,True,128,3.2.115,查询指定日志服务资源信息,GET,https://device_ip/redfish/v1/Managers/manager_id/LogServices/logservices_id,109,4.2.95,查询指定日志服务资源信息,GET,/redfish/v1/Managers/{manager_id}/LogServices/{logservices_id}
1.0,high,True,129,3.2.116,导出日志信息,POST,https://device_ip/redfish/v1/Managers/manager_id/LogServices/logservice_id/Actions/Oem/Huawei/Public/LogService.ExportLog,110,4.2.96,导出日志信息,POST,/redfish/v1/Managers/{manager_id}/LogServices/{logservices_id}/Actions/Oem/HuaweiPublic/LogService.ExportLog
1.0,high,True,130,3.2.117,查询日志集合资源信息,GET,https://device_ip/redfish/v1/Managers/manager_id/LogServices/logservice_id/Entries,56,4.2.42,查询日志集合资源信息,GET,/redfish/v1/Managers/{manager_id}/LogServices/{logservices_id}/Entries
1.0,high,True,131,3.2.118,查询日志资源信息,GET,https://device_ip/redfish/v1/Managers/manager_id/LogServices/LogService_id/Entries/Entries_id,57,4.2.43,查询日志资源信息,GET,/redfish/v1/Managers/{manager_id}/LogServices/{logservices_id}/Entries/{Entries_id}
1.0,high,True,137,3.2.124,查询FDMService服务资源,GET,https://device_ip/redfish/v1/Managers/manager_id/FDMService,116,4.2.102,查询FDMService服务资源,GET,/redfish/v1/Managers/{manager_id}/FDMService
1.0,high,True,138,3.2.125,修改FDMService服务资源属性,PATCH,https://device_ip/redfish/v1/Managers/manager_id/FDMService,117,4.2.103,修改FDMService服务资源属性,PATCH,/redfish/v1/Managers/{manager_id}/FDMService
1.0,high,True,142,3.2.129,查询LLDP服务资源信息,GET,https://device_ip/redfish/v1/Managers/manager_id/LldpService,40,4.2.26,查询LLDP服务资源信息,GET,/redfish/v1/Managers/{manager_id}/LldpService
1.0,high,True,143,3.2.130,修改LLDP服务资源信息,PATCH,https://device_ip/redfish/v1/Managers/manager_id/LldpService,41,4.2.27,修改LLDP服务资源信息,PATCH,/redfish/v1/Managers/{manager_id}/LldpService
1.0,high,True,144,3.2.131,查询SMS服务资源信息,GET,https://device_ip/redfish/v1/Managers/manager_id/SmsService,42,4.2.28,查询SMS服务资源信息,GET,/redfish/v1/Managers/{manager_id}/SmsService
1.0,high,True,145,3.2.132,修改SMS服务资源信息,PATCH,https://device_ip/redfish/v1/Managers/manager_id/SmsService,43,4.2.29,修改SMS服务资源信息,PATCH,/redfish/v1/Managers/{manager_id}/SmsService
1.0,high,True,147,3.2.134,查询USB管理服务资源信息,GET,https://device_ip/redfish/v1/Managers/manager_id/USBMgmtService,118,4.2.104,查询USB管理服务资源信息,GET,/redfish/v1/Managers/{manager_id}/USBMgmtService
1.0,high,True,148,3.2.135,修改USB管理服务资源信息,PATCH,https://device_ip/redfish/v1/Managers/manager_id/USBMgmtService,119,4.2.105,修改USB管理服务资源信息,PATCH,/redfish/v1/Managers/{manager_id}/USBMgmtService
1.0,high,True,149,3.2.136,查询FPCService服务资源,GET,https://device_ip/redfish/v1/Managers/manager_id/FPCService,120,4.2.106,查询FPCService服务资源,GET,/redfish/v1/Managers/{manager_id}/FPCService
1.0,high,True,150,3.2.137,查询FPC内存健康状态信息,GET,https://device_ip/redfish/v1/Managers/manager_id/FPCService/Memory,121,4.2.107,查询FPC内存健康状态信息,GET,/redfish/v1/Managers/{manager_id}/FPCService/Memory
1.0,high,True,151,3.2.138,内存隔离联动模式下发隔离任务,POST,https://device_ip/redfish/v1/Managers/manager_id/FPCService/Memory/Actions/Memory.ExecuteIsolation,122,4.2.108,内存隔离联动模式下发隔离任务,POST,/redfish/v1/Managers/{manager_id}/FPCService/Memory/Actions/Memory.ExecuteIsolation
1.0,high,True,152,3.2.139,查询场景化智能节能信息,GET,https://device_ip/redfish/v1/Managers/manager_id/EnergySavingService,123,4.2.109,查询场景化智能节能信息,GET,/redfish/v1/Managers/{manager_id}/EnergySavingService
1.0,high,True,153,3.2.140,智能节能场景配置,POST,https://device_ip/redfish/v1/Managers/manager_id/EnergySavingService/Actions/EnergySavingService.SetScene,124,4.2.110,智能节能场景配置,POST,/redfish/v1/Managers/{manager_id}/EnergySavingService/Actions/EnergySavingService.SetScene
1.0,high,True,154,3.2.141,创建SP服务的RAID配置,POST,https://device_ip/redfish/v1/Managers/manager_id/SPService/SPRAID,86,4.2.72,创建SP服务的RAID配置,POST,/redfish/v1/Managers/{manager_id}/SPService/SPRAID
1.0,high,True,155,3.2.142,报废处置,POST,https://device_ip/redfish/v1/Managers/manager_id/Actions/Oem/Huawei/Public/Manager.RetireSystem,125,4.2.111,报废处置,POST,/redfish/v1/Managers/{manager_id}/Actions/Oem/HuaweiPublic/Manager.RetireSystem
1.0,high,True,161,3.2.148,查询TPCM服务信息,GET,https://device_ip/redfish/v1/Managers/manager_id/SecurityService/TpcmService,135,4.2.121,查询TPCM服务信息,GET,/redfish/v1/Managers/{manager_id}/SecurityService/TpcmService
1.0,high,True,162,3.2.149,设置TPCM服务信息,PATCH,https://device_ip/redfish/v1/Managers/manager_id/SecurityService/TpcmService,136,4.2.122,设置TPCM服务信息,PATCH,/redfish/v1/Managers/{manager_id}/SecurityService/TpcmService
1.0,high,True,163,3.2.150,查询CA证书集合资源信息,GET,https://device_ip/redfish/v1/Managers/manager_id/Certificates,362,4.10.3.7.3,查询CA证书集合资源信息,GET,/redfish/v1/Managers/manager_id/Certificates
0.96,high,True,164,3.2.151,查询指定CA证书资源信息,GET,https://device_ip/redfish/v1/Managers/manager_id/Certificates/certificate_id,363,4.10.3.7.4,查询指定CA证书的资源信息,GET,/redfish/v1/Managers/manager_id/Certificates/certificate_id
0.9524,high,True,165,3.2.152,删除CA证书的吊销列表,POST,https://device_ip/redfish/v1/Managers/manager_id/Certificates/certificate_id/Actions/Certificate.DeleteCACertificateCRL,366,4.10.3.7.7,删除CA证书吊销列表,POST,/redfish/v1/Managers/manager_id/Certificates/cert_id/Actions/Certificate.DeleteCACertificateCRL
1.0,high,True,166,3.2.153,查询全量告警信息,GET,https://device_ip/redfish/v1/Managers/manager_id/LogServices/EventLog,112,4.2.98,查询全量告警信息,GET,/redfish/v1/Managers/{manager_id}/LogServices/EventLog
1.0,high,True,169,3.2.156,查询PRBS测试对象集合的资源信息,GET,https://device_ip/redfish/v1/Managers/manager_id/DiagnosticService/PRBSTest/TestObjects,111,4.2.97,查询PRBS测试对象集合的资源信息,GET,/redfish/v1/Managers/{manager_id}/DiagnosticService/PRBSTest/TestObjects
1.0,high,True,171,3.2.158,查询PRBS测试信息,POST,https://device_ip/redfish/v1/Managers/manager_id/DiagnosticService/PRBSTest/Actions/PRBSTest.QueryInfo,126,4.2.112,查询PRBS测试信息,POST,/redfish/v1/Managers/{manager_id}/DiagnosticService/PRBSTest/Actions/PRBSTest.QueryInfo
1.0,high,True,172,3.2.159,下发PRBS测试配置,POST,https://device_ip/redfish/v1/Managers/manager_id/DiagnosticService/PRBSTest/Actions/PRBSTest.Config,127,4.2.113,下发PRBS测试配置,POST,/redfish/v1/Managers/{manager_id}/DiagnosticService/PRBSTest/Actions/PRBSTest.Config
1.0,high,True,173,3.2.160,清除PRBS测试统计,POST,https://device_ip/redfish/v1/Managers/manager_id/DiagnosticService/PRBSTest/Actions/PRBSTest.ClearStatistics,128,4.2.114,清除PRBS测试统计,POST,/redfish/v1/Managers/{manager_id}/DiagnosticService/PRBSTest/Actions/PRBSTest.ClearStatistics
1.0,high,True,174,3.2.161,终止PRBS测试,POST,https://device_ip/redfish/v1/Managers/manager_id/DiagnosticService/PRBSTest/Actions/PRBSTest.Shutdown,129,4.2.115,终止PRBS测试,POST,/redfish/v1/Managers/{manager_id}/DiagnosticService/PRBSTest/Actions/PRBSTest.Shutdown
1.0,high,True,182,3.2.169,下发入侵检测配置信息,POST,https://device_ip/redfish/v1/Managers/manager_id/Actions/Oem/Huawei/Public/Manager.ImportIntrusionDetectionConfiguration,130,4.2.116,下发入侵检测配置信息 （未实现）,POST,/redfish/v1/Managers/{manager_id}/Actions/Oem/HuaweiPublic/Manager.ImportIntrusionDetectionConfiguration
1.0,high,True,183,3.2.170,查询系统日志集合资源信息,GET,https://device_ip/redfish/v1/Managers/manager_id/LogServices/EventLog/Entries,114,4.2.100,查询系统日志集合资源信息,GET,/redfish/v1/Managers/{manager_id}/LogServices/EventLog/Entries
1.0,high,True,184,3.2.171,查询系统日志资源信息,GET,https://device_ip/redfish/v1/Managers/manager_id/LogServices/EventLog/Entries/entries_id,115,4.2.101,查询系统日志资源信息,GET,/redfish/v1/Managers/{manager_id}/LogServices/EventLog/Entries/{entries_id}
1.0,high,True,186,3.2.173,设置BMC吊销版本列表,POST,https://device_ip/redfish/v1/Managers/manager_id/Actions/Oem/Huawei/Public/Manager.ImportRevokedVersion,131,4.2.117,设置BMC吊销版本列表,POST,/redfish/v1/Managers/{manager_id}/Actions/Oem/HuaweiPublic/Manager.ImportRevokedVersion
1.0,high,True,200,3.3.1,查询系统集合资源信息,GET,https://device_ip/redfish/v1/Systems,144,4.3.1,查询系统集合资源信息,GET,/redfish/v1/Systems
1.0,high,True,201,3.3.2,查询指定系统资源信息,GET,https://device_ip/redfish/v1/Systems/system_id,145,4.3.2,查询指定系统资源信息,GET,/redfish/v1/Systems/{system_id}
1.0,high,True,202,3.3.3,修改指定系统资源属性,PATCH,https://device_ip/redfish/v1/Systems/system_id,146,4.3.3,修改指定系统资源属性,PATCH,/redfish/v1/Systems/{system_id}
1.0,high,True,203,3.3.4,重启服务器,POST,https://device_ip/redfish/v1/Systems/system_id/Actions/ComputerSystem.Reset,147,4.3.4,重启服务器,POST,/redfish/v1/Systems/{system_id}/Actions/ComputerSystem.Reset
1.0,high,True,204,3.3.5,FRU上下电控制,POST,https://device_ip/redfish/v1/Systems/system_id/Actions/Oem/Huawei/Public/ComputerSystem.FruControl,148,4.3.5,FRU上下电控制,POST,/redfish/v1/Systems/{system_id}/Actions/Oem/HuaweiPublic/ComputerSystem.FruControl
1.0,high,True,205,3.3.6,查询主机以太网接口集合资源信息,GET,https://device_ip/redfish/v1/Systems/system_id/EthernetInterfaces,149,4.3.6,查询主机以太网接口集合资源信息,GET,/redfish/v1/Systems/{system_id}/EthernetInterfaces
1.0,high,True,206,3.3.7,查询指定主机以太网接口资源信息,GET,https://device_ip/redfish/v1/Systems/system_id/EthernetInterfaces/ethernetinterface_id,150,4.3.7,查询指定主机以太网接口资源信息,GET,/redfish/v1/Systems/{system_id}/EthernetInterfaces/{ethernetinterface_id}
1.0,high,True,207,3.3.8,配置以太网,POST,https://device_ip/redfish/v1/Systems/system_id/EthernetInterfaces/ethernetinterface_id/Actions/Oem/Huawei/Public/EthernetInterface.Configure,151,4.3.8,配置以太网,POST,/redfish/v1/Systems/{system_id}/EthernetInterfaces/{ethernetinterface_id}/Actions/Oem/HuaweiPublic/EthernetInterface.Configure
1.0,high,True,208,3.3.9,查询Bond集合资源信息,GET,https://device_ip/redfish/v1/Systems/system_id/NetworkBondings,152,4.3.9,查询Bond集合资源信息,GET,/redfish/v1/Systems/{system_id}/NetworkBondings
1.0,high,True,209,3.3.10,查询Bond资源信息,GET,https://device_ip/redfish/v1/Systems/system_id/NetworkBondings/bond_id,153,4.3.10,查询Bond资源信息,GET,/redfish/v1/Systems/{system_id}/NetworkBondings/{bond_id}
1.0,high,True,210,3.3.11,配置Bond,POST,https://device_ip/redfish/v1/Systems/system_id/NetworkBondings/bond_id/Actions/NetworkBonding.Configure,154,4.3.11,配置Bond,POST,/redfish/v1/Systems/{system_id}/NetworkBondings/{bond_id}/Actions/NetworkBonding.Configure
1.0,high,True,211,3.3.12,查询网络桥接集合资源信息,GET,https://device_ip/redfish/v1/Systems/system_id/NetworkBridge,155,4.3.12,查询网络桥接集合资源信息,GET,/redfish/v1/Systems/{system_id}/NetworkBridge
1.0,high,True,212,3.3.13,查询网络桥接资源信息,GET,https://device_ip/redfish/v1/Systems/system_id/NetworkBridge/bridge _id,156,4.3.13,查询网络桥接资源信息,GET,/redfish/v1/Systems/{system_id}/NetworkBridge/{bridge _id}
1.0,high,True,213,3.3.14,查询内存集合资源信息,GET,https://device_ip/redfish/v1/Systems/system_id/Memory,157,4.3.14,查询内存集合资源信息,GET,/redfish/v1/Systems/{system_id}/Memory
1.0,high,True,214,3.3.15,查询指定内存资源信息,GET,https://device_ip/redfish/v1/Systems/system_id/Memory/memory_id,158,4.3.15,查询指定内存资源信息,GET,/redfish/v1/Systems/{system_id}/Memory/{memory_id}
1.0,high,True,215,3.3.16,查询指定内存指标资源信息,GET,https://device_ip/redfish/v1/Systems/system_id/Memory/memory_id/MemoryMetrics,159,4.3.16,查询指定内存指标资源信息,GET,/redfish/v1/Systems/{system_id}/Memory/{memory_id}/MemoryMetrics
1.0,high,True,216,3.3.17,查询VLAN集合资源信息,GET,https://device_ip/redfish/v1/Systems/system_id/EthernetInterfaces/ethernetinterface_id/VLANs,160,4.3.17,查询VLAN集合资源信息,GET,/redfish/v1/Systems/{system_id}/EthernetInterfaces/{ethernetinterface_id}/VLANs
1.0,high,True,217,3.3.18,查询VLAN资源信息,GET,https://device_ip/redfish/v1/Systems/system_id/EthernetInterfaces/ethernetinterface_id/VLANs/vlan_id,161,4.3.18,查询VLAN资源信息,GET,/redfish/v1/Systems/{system_id}/EthernetInterfaces/{ethernetinterface_id}/VLANs/{vlan_id}
1.0,high,True,219,3.3.20,配置VLAN,POST,https://device_ip/redfish/v1/Systems/system_id/EthernetInterfaces/ethernetinterface_id/VLANs/vlan_id/Actions/Oem/Huawei/Public/VLanNetworkInterface.Configure,162,4.3.19,配置VLAN,POST,/redfish/v1/Systems/{system_id}/EthernetInterfaces/{ethernetinterface_id}/VLANs/{vlan_id}/Actions/Oem/HuaweiPublic/VLanNetworkInterface.Configure
1.0,high,True,220,3.3.21,查询存储集合资源信息,GET,https://device_ip/redfish/v1/Systems/system_id/Storages,163,4.3.20,查询存储集合资源信息,GET,/redfish/v1/Systems/{system_id}/Storages
1.0,high,True,221,3.3.22,查询指定存储资源信息,GET,https://device_ip/redfish/v1/Systems/system_id/Storages/storage_id,164,4.3.21,查询指定存储资源信息,GET,/redfish/v1/Systems/{system_id}/Storages/{storage_id}
1.0,high,True,224,3.3.25,修改指定控制器资源信息,PATCH,https://device_ip/redfish/v1/Systems/system_id/Storages/storage_id,165,4.3.22,修改指定控制器资源信息,PATCH,/redfish/v1/Systems/{system_id}/Storages/{storage_id}
1.0,high,True,225,3.3.26,恢复指定控制器的默认配置,POST,https://device_ip/redfish/v1/Systems/system_id/Storages/storage_id/Actions/Oem/Huawei/Public/Storage.RestoreStorageControllerDefaultSettings,166,4.3.23,恢复指定控制器的默认配置,POST,/redfish/v1/Systems/{system_id}/Storages/{storage_id}/Actions/Oem/HuaweiPublic/Storage.RestoreStorageControllerDefaultSettings
1.0,high,True,227,3.3.28,查询逻辑盘集合资源信息,GET,https://device_ip/redfish/v1/Systems/system_id/Storages/storage_id/Volumes,167,4.3.24,查询逻辑盘集合资源信息,GET,/redfish/v1/Systems/{system_id}/Storages/{storage_id}/Volumes
1.0,high,True,228,3.3.29,查询指定逻辑盘资源信息,GET,https://device_ip/redfish/v1/Systems/system_id/Storages/storage_id/Volumes/volume_id,168,4.3.25,查询指定逻辑盘资源信息,GET,/redfish/v1/Systems/{system_id}/Storages/{storage_id}/Volumes/{volume_id}
1.0,high,True,229,3.3.30,修改指定逻辑盘资源属性,PATCH,https://device_ip/redfish/v1/Systems/system_id/Storages/storage_id/Volumes/volume_id,169,4.3.26,修改指定逻辑盘资源属性,PATCH,/redfish/v1/Systems/{system_id}/Storages/{storage_id}/Volumes/{volume_id}
1.0,high,True,230,3.3.31,初始化指定逻辑盘,POST,https://device_ip/redfish/v1/Systems/system_id/Storages/storage_id/Volumes/volume_id/Actions/Volume.Initialize,170,4.3.27,初始化指定逻辑盘,POST,/redfish/v1/Systems/{system_id}/Storages/{storage_id}/Volumes/{volume_id}/Actions/Volume.Initialize
1.0,high,True,231,3.3.32,删除指定逻辑盘,DELETE,https://device_ip/redfish/v1/Systems/system_id/Storages/storage_id/Volumes/volume_id,171,4.3.28,删除指定逻辑盘,DELETE,/redfish/v1/Systems/{system_id}/Storages/{storage_id}/Volumes/{volume_id}
1.0,high,True,232,3.3.33,创建逻辑盘,POST,https://device_ip/redfish/v1/Systems/system_id/Storages/storage_id/Volumes,172,4.3.29,创建逻辑盘,POST,/redfish/v1/Systems/{system_id}/Storages/{storage_id}/Volumes
1.0,high,True,233,3.3.34,查询BIOS资源信息,GET,https://device_ip/redfish/v1/Systems/system_id/Bios,173,4.3.30,查询BIOS资源信息,GET,/redfish/v1/Systems/{system_id}/Bios
1.0,high,True,234,3.3.35,恢复BIOS属性默认值,POST,https://device_ip/redfish/v1/Systems/system_id/Bios/Actions/Bios.ResetBios,174,4.3.31,恢复BIOS属性默认值,POST,/redfish/v1/Systems/{system_id}/Bios/Actions/Bios.ResetBios
1.0,high,True,235,3.3.36,修改BIOS密码,POST,https://device_ip/redfish/v1/Systems/system_id/Bios/Actions/Bios.ChangePassword,175,4.3.32,修改BIOS密码,POST,/redfish/v1/Systems/{system_id}/Bios/Actions/Bios.ChangePassword
1.0,high,True,236,3.3.37,查询BIOS设置资源信息,GET,https://device_ip/redfish/v1/Systems/system_id/Bios/Settings,176,4.3.33,查询BIOS设置资源信息,GET,/redfish/v1/Systems/{system_id}/Bios/Settings
1.0,high,True,237,3.3.38,修改BIOS设置资源属性,PATCH,https://device_ip/redfish/v1/Systems/system_id/Bios/Settings,177,4.3.34,修改BIOS设置资源属性,PATCH,/redfish/v1/Systems/{system_id}/Bios/Settings
1.0,high,True,238,3.3.39,清除未生效的BIOS配置,POST,https://device_ip/redfish/v1/Systems/system_id/Bios/Settings/Actions/Oem/Huawei/Public/Settings.Revoke,178,4.3.35,清除未生效的BIOS配置,POST,/redfish/v1/Systems/{system_id}/Bios/Settings/Actions/Oem/HuaweiPublic/Settings.Revoke
1.0,high,True,239,3.3.40,查询BIOS策略重配资源信息,GET,https://device_ip/redfish/v1/Systems/system_id/Bios/PolicyConfig,179,4.3.36,查询BIOS策略重配资源信息,GET,/redfish/v1/Systems/{system_id}/Bios/PolicyConfig
1.0,high,True,240,3.3.41,查询BIOS策略重配设置资源信息,GET,https://device_ip/redfish/v1/Systems/system_id/Bios/PolicyConfig/Settings,180,4.3.37,查询BIOS策略重配设置资源信息,GET,/redfish/v1/Systems/{system_id}/Bios/PolicyConfig/Settings
1.0,high,True,241,3.3.42,修改BIOS策略重配设置资源属性,PATCH,https://device_ip/redfish/v1/Systems/system_id/Bios/PolicyConfig/Settings,181,4.3.38,修改BIOS策略重配设置资源属性,PATCH,/redfish/v1/Systems/{system_id}/Bios/PolicyConfig/Settings
1.0,high,True,249,3.3.50,查询处理器集合资源信息,GET,https://device_ip/redfish/v1/Systems/system_id/Processors,182,4.3.39,查询处理器集合资源信息,GET,/redfish/v1/Systems/{system_id}/Processors
1.0,high,True,250,3.3.51,查询指定处理器资源信息,GET,https://device_ip/redfish/v1/Systems/system_id/Processors/processor_id,183,4.3.40,查询指定处理器资源信息,GET,/redfish/v1/Systems/{system_id}/Processors/{processor_id}
1.0,high,True,251,3.3.52,修改指定CPU资源属性,PATCH,https://device_ip/redfish/v1/Systems/system_id/Processors/cpu_id,184,4.3.41,修改指定CPU资源属性,PATCH,/redfish/v1/Systems/{system_id}/Processors/{cpu_id}
1.0,high,True,255,3.3.56,查询网络接口集合资源信息,GET,https://device_ip/redfish/v1/Systems/system_id/NetworkInterfaces,185,4.3.42,查询网络接口集合资源信息,GET,/redfish/v1/Systems/{system_id}/NetworkInterfaces
1.0,high,True,256,3.3.57,查询网络接口资源信息,GET,https://device_ip/redfish/v1/Systems/system_id/NetworkInterfaces/networkinterface_id,186,4.3.43,查询网络接口资源信息,GET,/redfish/v1/Systems/{system_id}/NetworkInterfaces/{networkinterface_id}
1.0,high,True,257,3.3.58,查询网络端口集合资源信息,GET,https://device_ip/redfish/v1/Systems/system_id/NetworkInterfaces/networkinterface_id/NetworkPorts,187,4.3.44,查询网络端口集合资源信息,GET,/redfish/v1/Systems/{system_id}/NetworkInterfaces/{networkinterface_id}/NetworkPorts
1.0,high,True,266,3.3.67,查询CPU历史占用率资源信息,GET,https://device_ip/redfish/v1/Systems/system_id/ProcessorsHistoryUsageRate,188,4.3.45,查询CPU历史占用率资源信息,GET,/redfish/v1/Systems/{system_id}/ProcessorsHistoryUsageRate
1.0,high,True,267,3.3.68,查询内存历史占用率资源信息,GET,https://device_ip/redfish/v1/Systems/system_id/MemoryHistoryUsageRate,189,4.3.46,查询内存历史占用率资源信息,GET,/redfish/v1/Systems/{system_id}/MemoryHistoryUsageRate
1.0,high,True,268,3.3.69,查询网口历史占用率资源信息,GET,https://device_ip/redfish/v1/Systems/system_id/NetworkHistoryUsageRate,190,4.3.47,查询网口历史占用率资源信息,GET,/redfish/v1/Systems/{system_id}/NetworkHistoryUsageRate
1.0,high,True,269,3.3.70,清空网口历史占用率资源信息,POST,https://device_ip/redfish/v1/Systems/system_id/Actions/Oem/Huawei/Public/ComputerSystem.ClearNetworkHistoryUsageRate,191,4.3.48,清空网口历史占用率资源信息,POST,/redfish/v1/Systems/{system_id}/Actions/Oem/HuaweiPublic/ComputerSystem.ClearNetworkHistoryUsageRate
1.0,high,True,270,3.3.71,批量查询处理器资源信息,GET,https://device_ip/redfish/v1/Systems/system_id/ProcessorView,192,4.3.49,批量查询处理器资源信息,GET,/redfish/v1/Systems/{system_id}/ProcessorView
1.0,high,True,271,3.3.72,批量查询内存资源信息,GET,https://device_ip/redfish/v1/Systems/system_id/MemoryView,193,4.3.50,批量查询内存资源信息,GET,/redfish/v1/Systems/{system_id}/MemoryView
1.0,high,True,272,3.3.73,查询电子保单信息,GET,https://device_ip/redfish/v1/Systems/system_id/DigitalWarranty,268,4.4.59,查询电子保单信息,GET,/redfish/v1/Chassis/{chassis_id}/DigitalWarranty
1.0,high,True,273,3.3.74,修改电子保单信息,PATCH,https://device_ip/redfish/v1/Systems/system_id/DigitalWarranty,269,4.4.60,修改电子保单信息,PATCH,/redfish/v1/Chassis/{chassis_id}/DigitalWarranty
1.0,high,True,274,3.3.75,导入Foreign配置,POST,https://device_ip/redfish/v1/Systems/system_id/Storages/storage_id/Actions/Oem/Huawei/Public/Storage. ImportForeignConfig,194,4.3.51,导入Foreign配置,POST,/redfish/v1/Systems/{system_id}/Storages/{storage_id}/Actions/Oem/HuaweiPublic/Storage. ImportForeignConfig
1.0,high,True,276,3.3.77,查询IB集合资源信息,GET,https://device_ip/redfish/v1/Systems/system_id/InfiniBandInterfaces,195,4.3.52,查询IB集合资源信息,GET,/redfish/v1/Systems/{system_id}/InfiniBandInterfaces
1.0,high,True,277,3.3.78,查询IB资源信息,GET,https://device_ip/redfish/v1/Systems/system_id/InfiniBandInterfaces/ib_id,196,4.3.53,查询IB资源信息,GET,/redfish/v1/Systems/{system_id}/InfiniBandInterfaces/{ib_id}
1.0,high,True,280,3.3.81,设置虚拟媒体资源,PATCH,https://device_ip/redfish/v1/Systems/system_id /VirtualMedia/CD,199,4.3.56,设置虚拟媒体资源,PATCH,/redfish/v1/Systems/{system_id}/VirtualMedia/CD
0.9,high,True,294,3.4.1,查询机箱集合资源信息,GET,https://device_ip/redfish/v1/Chassis,210,4.4.1,查询机柜集合资源信息,GET,/redfish/v1/Chassis
0.9,high,True,295,3.4.2,查询指定机箱资源信息,GET,https://device_ip/redfish/v1/Chassis/chassis_id,211,4.4.2,查询指定机柜资源信息,GET,/redfish/v1/Chassis/{chassis_id}
0.9,high,True,296,3.4.3,修改指定机箱资源信息,PATCH,https://device_ip/redfish/v1/Chassis/chassis_id,212,4.4.3,修改指定机柜资源信息（评）,PATCH,/redfish/v1/Chassis/{chassis_id}
0.9091,high,True,298,3.4.5,控制机箱定位指示灯状态,POST,https://device_ip/redfish/v1/Chassis/Chassis_id/Oem/Huawei/Public/Actions/Chassis.ControlIndicatorLED,213,4.4.4,控制机柜定位指示灯状态,POST,/redfish/v1/Chassis/{chassis_id}/Oem/HuaweiPublic/Actions/Chassis.ControlIndicatorLED
1.0,high,True,299,3.4.6,恢复超节点配置信息为默认值,POST,https://device_ip/redfish/v1/Chassis/Chassis_id/Oem/Huawei/Public/Actions/Chassis.SuperPodLabelRestoreDefaults,214,4.4.5,恢复超节点配置信息为默认值,POST,/redfish/v1/Chassis/{chassis_id}/Oem/HuaweiPublic/Actions/Chassis.SuperPodLabelRestoreDefaults
0.9167,high,True,300,3.4.7,查询指定机箱散热资源信息,GET,https://device_ip/redfish/v1/Chassis/chassis_id/Thermal,215,4.4.6,查询指定机柜散热资源信息,GET,/redfish/v1/Chassis/{chassis_id}/Thermal
0.9167,high,True,301,3.4.8,修改指定机箱散热资源信息,PATCH,https://device_ip/redfish/v1/Chassis/chassis_id/Thermal,216,4.4.7,修改指定机柜散热资源信息,PATCH,/redfish/v1/Chassis/{chassis_id}/Thermal
0.9565,high,True,302,3.4.9,清空进风口历史温度数据,POST,https://device_ip/redfish/v1/Chassis/chassis_id/Thermal/Oem/Huawei/Public/Actions/Thermal.ClearInletHistoryTemperature,217,4.4.8,清空进风口历史温度的数据,POST,/redfish/v1/Chassis/{chassis_id}/Thermal/Oem/HuaweiPublic/Actions/Thermal.ClearInletHistoryTemperature
0.9,high,True,303,3.4.10,查询指定机箱电源信息,GET,https://device_ip/redfish/v1/Chassis/chassis_id/Power,218,4.4.9,查询指定机柜电源信息,GET,/redfish/v1/Chassis/{chassis_id}/Power
1.0,high,True,304,3.4.11,修改指定电源属性,PATCH,https://device_ip/redfish/v1/Chassis/chassis_id/Power,219,4.4.10,修改指定电源属性,PATCH,/redfish/v1/Chassis/{chassis_id}/Power
1.0,high,True,305,3.4.12,清空历史功率数据,POST,https://device_ip/redfish/v1/Chassis/chassis_id/Power/Oem/Huawei/Public/Actions/Power.ResetHistoryData,220,4.4.11,清空历史功率数据,POST,/redfish/v1/Chassis/{chassis_id}/Power/Oem/HuaweiPublic/Actions/Power.ResetHistoryData
1.0,high,True,306,3.4.13,重新统计功率数据,POST,https://device_ip/redfish/v1/Chassis/chassis_id/Power/Oem/Huawei/Public/Actions/Power.ResetStatistics,221,4.4.12,重新统计功率数据,POST,/redfish/v1/Chassis/{chassis_id}/Power/Oem/HuaweiPublic/Actions/Power.ResetStatistics
1.0,high,True,307,3.4.14,收集功率统计数据,POST,https://device_ip/redfish/v1/Chassis/chassis_id/Power/Oem/Huawei/Public/Actions/Power.CollectHistoryData,222,4.4.13,收集功率统计数据,POST,/redfish/v1/Chassis/{chassis_id}/Power/Oem/HuaweiPublic/Actions/Power.CollectHistoryData
0.9231,high,True,308,3.4.15,查询指定机箱电源子系统信息,GET,https://device_ip/redfish/v1/Chassis/chassis_id/PowerSubsystem,223,4.4.14,查询指定机柜电源子系统信息,GET,/redfish/v1/Chassis/{chassis_id}/PowerSubsystem
1.0,high,True,309,3.4.16,查询电源转换器集合资源信息,GET,https://device_ip/redfish/v1/Chassis/chassis_id/PowerSubsystem/Oem/Huawei/Public/PowerConverters,226,4.4.17,查询电源转换器集合资源信息,GET,/redfish/v1/Chassis/{chassis_id}/PowerSubsystem/Oem/HuaweiPublic/PowerConverters
1.0,high,True,310,3.4.17,查询电源转换器单个资源信息,GET,https://device_ip/redfish/v1/Chassis/chassis_id/PowerSubsystem/Oem/Huawei/Public/PowerConverters/powerconverter_id,227,4.4.18,查询电源转换器单个资源信息,GET,/redfish/v1/Chassis/{chassis_id}/PowerSubsystem/Oem/HuaweiPublic/PowerConverters/{powerconverter_id}
1.0,high,True,311,3.4.18,查询网络适配器集合资源信息,GET,https://device_ip/redfish/v1/Chassis/chassis_id/NetworkAdapters,228,4.4.19,查询网络适配器集合资源信息,GET,/redfish/v1/Chassis/{chassis_id}/NetworkAdapters
1.0,high,True,312,3.4.19,查询网络适配器单个资源信息,GET,https://device_ip/redfish/v1/Chassis/chassis_id/NetworkAdapters/networkadapters_id,229,4.4.20,查询网络适配器单个资源信息,GET,/redfish/v1/Chassis/{chassis_id}/NetworkAdapters/{networkadapters_id}
1.0,high,True,313,3.4.20,修改网络适配器单个资源信息,PATCH,https://device_ip/redfish/v1/Chassis/chassis_id/NetworkAdapters/networkadapters_id,230,4.4.21,修改网络适配器单个资源信息,PATCH,/redfish/v1/Chassis/{chassis_id}/NetworkAdapters/{networkadapters_id}
1.0,high,True,320,3.4.27,查询网络端口集合资源信息,GET,https://device_ip/redfish/v1/Chassis/chassis_id/NetworkAdapters/networkadapters_id/NetworkPorts,231,4.4.22,查询网络端口集合资源信息,GET,/redfish/v1/Chassis/{chassis_id}/NetworkAdapters/{networkadapters_id}/NetworkPorts
1.0,high,True,321,3.4.28,查询网络端口单个资源信息,GET,https://device_ip/redfish/v1/Chassis/chassis_id/NetworkAdapters/networkadapters_id/NetworkPorts/networkports_id,232,4.4.23,查询网络端口单个资源信息,GET,/redfish/v1/Chassis/{chassis_id}/NetworkAdapters/{networkadapters_id}/NetworkPorts/{networkports_id}
1.0,high,True,322,3.4.29,修改网络端口单个资源信息,PATCH,https://device_ip/redfish/v1/Chassis/chassis_id/NetworkAdapters/networkadapters_id/NetworkPorts/networkports_id,233,4.4.24,修改网络端口单个资源信息,PATCH,/redfish/v1/Chassis/{chassis_id}/NetworkAdapters/{networkadapters_id}/NetworkPorts/{networkports_id}
1.0,high,True,324,3.4.31,查询网络端口上接的光模块资源信息,GET,https://device_ip/redfish/v1/Chassis/chassis_id/Transceivers/transceivers_id,235,4.4.26,查询网络端口上接的光模块资源信息,GET,新URL：/redfish/v1/Chassis/{chassis_id}/Transceivers/{transceivers_id}
1.0,high,True,325,3.4.32,查询网络端口上接的光模块集合资源信息,GET,https://device_ip/redfish/v1/Chassis/chassis_id/Transceivers,234,4.4.25,查询网络端口上接的光模块集合资源信息,GET,/redfish/v1/Chassis/{chassis_id}/Transceivers
1.0,high,True,328,3.4.35,查询驱动器集合资源信息,GET,https://device_ip/redfish/v1/Chassis/chassis_id/Drives,236,4.4.27,查询驱动器集合资源信息,GET,/redfish/v1/Chassis/{chassis_id}/Drives
1.0,high,True,329,3.4.36,查询指定驱动器资源信息,GET,https://device_ip/redfish/v1/Chassis/chassis_id/drives/drive_id,237,4.4.28,查询指定驱动器资源信息,GET,/redfish/v1/Chassis/{chassis_id}/Drives/{drive_id}
1.0,high,True,330,3.4.37,修改指定驱动器属性,PATCH,https://device_ip/redfish/v1/Chassis/chassis_id/Drives/drives_id,238,4.4.29,修改指定驱动器属性,PATCH,/redfish/v1/Chassis/{chassis_id}/Drives/{drive_id}
1.0,high,True,333,3.4.40,加密盘的数据安全擦除,POST,https://device_ip/redfish/v1/Chassis/chassis_id/Drives/drives_id/Actions/Oem/Huawei/Public/Drive.CryptoErase,239,4.4.30,加密盘的数据安全擦除,POST,/redfish/v1/Chassis/{chassis_id}/Drives/{drive_id}/Actions/Oem/HuaweiPublic/Drive.CryptoErase
1.0,high,True,334,3.4.41,查询扩展板卡集合资源信息,GET,https://device_ip/redfish/v1/Chassis/chassis_id/Boards,240,4.4.31,查询扩展板卡集合资源信息,GET,/redfish/v1/Chassis/{chassis_id}/Boards
1.0,high,True,335,3.4.42,查询指定扩展板卡资源信息,GET,https://device_ip/redfish/v1/Chassis/chassis_id/Boards/board_id,241,4.4.32,查询指定扩展板卡资源信息,GET,/redfish/v1/Chassis/{chassis_id}/Boards/{board_id}
1.0,high,True,336,3.4.43,修改指定拓展板卡资源属性,PATCH,https://device_ip/redfish/v1/Chassis/chassis_id/Boards/board_id,242,4.4.33,修改指定拓展板卡资源属性,PATCH,/redfish/v1/Chassis/{chassis_id}/Boards/{board_id}
1.0,high,True,337,3.4.44,NPU模组复位,POST,https://device_ip/redfish/v1/Chassis/chassis_id/Boards/board_id/Actions/NPUBoard.NPUBoardReset,243,4.4.34,NPU模组复位,POST,/redfish/v1/Chassis/{chassis_id}/Boards/{board_id}/Actions/NpuBoard.NpuBoardReset
1.0,high,True,339,3.4.46,查询PCIe设备集合资源信息,GET,https://device_ip/redfish/v1/Chassis/chassis_id/PCIeDevices,244,4.4.35,查询PCIe设备集合资源信息,GET,/redfish/v1/Chassis/{chassis_id}/PCIeDevices
1.0,high,True,340,3.4.47,查询指定PCIe设备资源信息,GET,https://device_ip/redfish/v1/Chassis/chassis_id/PCIeDevices/pciedevices_id,245,4.4.36,查询指定PCIe设备资源信息,GET,/redfish/v1/Chassis/{chassis_id}/PCIeDevices/{pciedevices_id}
1.0,high,True,341,3.4.48,修改指定PCIe设备资源信息,PATCH,https://device_ip/redfish/v1/Chassis/chassis_id/PCIeDevices/pciedevices_id,246,4.4.37,修改指定PCIe设备资源信息,PATCH,/redfish/v1/Chassis/{chassis_id}/PCIeDevices/{pciedevices_id}
1.0,high,True,342,3.4.49,复位指定SDI卡,POST,https://device_ip/redfish/v1/Chassis/chassis_id/PCIeDevices/pciedevices_id/Actions/Oem/Huawei/Public/PCIeDevices.Reset,247,4.4.38,复位指定SDI卡,POST,/redfish/v1/Chassis/{chassis_id}/PCIeDevices/{pciedevices_id}/Actions/Oem/HuaweiPublic/PCIeDevices.Reset
1.0,high,True,343,3.4.50,设置指定SDI卡电源状态,POST,https://device_ip/redfish/v1/Chassis/chassis_id/PCIeDevices/pciedevices_id/Actions/Oem/Huawei/Public/PCIeDevices.SetPowerState,248,4.4.39,设置指定SDI卡电源状态,POST,/redfish/v1/Chassis/{chassis_id}/PCIeDevices/{pciedevices_id}/Actions/Oem/HuaweiPublic/PCIeDevices.SetPowerState
1.0,high,True,344,3.4.51,指定PCIe设备资源导入https证书,POST,https://device_ip/redfish/v1/Chassis/chassis_id/PCIeDevices/pciedevices_id /Actions/Oem/Huawei/Public/PCIeDevices.ImportHttpsCert,249,4.4.40,指定PCIe设备资源导入https证书,POST,/redfish/v1/Chassis/{chassis_id}/PCIeDevices/{pciedevices_id}/Actions/Oem/HuaweiPublic/PCIeDevices.ImportHttpsCert
1.0,high,True,346,3.4.53,查询指定PCIe功能资源信息,GET,https://device_ip/redfish/v1/Chassis/chassis_id/PCIeDevices/pciedevices_id/PCIeFunctions/functions_id（推荐使用）,250,4.4.41,查询指定PCIe功能资源信息,GET,/redfish/v1/Chassis/{chassis_id}/PCIeDevices/{pciedevices_id}/Functions/{functions_id}
1.0,high,True,347,3.4.54,查询进风口历史温度资源信息,GET,https://device_ip/redfish/v1/Chassis/chassis_id/Thermal/InletHistoryTemperature,251,4.4.42,查询进风口历史温度资源信息,GET,/redfish/v1/Chassis/{chassis_id}/Thermal/InletHistoryTemperature
1.0,high,True,348,3.4.56,查询门限传感器列表资源信息,GET,https://device_ip/redfish/v1/Chassis/chassis_id/ThresholdSensors,253,4.4.44,查询门限传感器列表资源信息,GET,/redfish/v1/Chassis/{chassis_id}/ThresholdSensors
1.0,high,True,349,3.4.57,查询离散型传感器列表资源信息,GET,https://device_ip/redfish/v1/Chassis/chassis_id/DiscreteSensors,254,4.4.45,查询离散型传感器列表资源信息,GET,/redfish/v1/Chassis/{chassis_id}/DiscreteSensors
0.9091,high,True,352,3.4.60,查询指定机箱泵资源信息,GET,https://device_ip/redfish/v1/Chassis/chassis_id/ThermalSubsystem,255,4.4.46,查询指定机柜泵资源信息,GET,/redfish/v1/Chassis/{chassis_id}/ThermalSubsystem
0.9091,high,True,353,3.4.61,修改指定机箱泵资源信息,PATCH,https://device_ip/redfish/v1/Chassis/chassis_id/ThermalSubsystem,256,4.4.47,修改指定机柜泵资源信息,PATCH,/redfish/v1/Chassis/{chassis_id}/ThermalSubsystem
0.7143,high,True,354,3.4.62,重启整机服务器,POST,https://device_ip/redfish/v1/Chassis/chassis_id/Actions/Chassis.Reset,257,4.4.48,重启刀片服务器,POST,/redfish/v1/Chassis/{chassis_id}/Actions/Chassis.Reset
1.0,high,True,355,3.4.63,查询漏液检测系统信息,GET,https://device_ip/redfish/v1/Chassis/chassis_id/ThermalSubsystem/LeakDetection,258,4.4.49,查询漏液检测系统信息,GET,/redfish/v1/Chassis/{chassis_id}/ThermalSubsystem/LeakDetection
1.0,high,True,356,3.4.64,查询漏液检测器集合,GET,https://device_ip/redfish/v1/Chassis/chassis_id/LeakDetectors,259,4.4.50,查询漏液检测器集合,GET,/redfish/v1/Chassis/{chassis_id}/ThermalSubsystem/LeakDetection/LeakDetectors
1.0,high,True,357,3.4.65,查询漏液检测,GET,https://device_ip/redfish/v1/Chassis/chassis_id/LeakDetectors/LeakDetector_id,260,4.4.51,查询漏液检测,GET,/redfish/v1/Chassis/{chassis_id}/ThermalSubsystem/LeakDetection/LeakDetectors/{LeakDetector_id}
1.0,high,True,358,3.4.66,查询风扇集合资源信息,GET,https://device_ip/redfish/v1/Chassis/chassis_id/ThermalSubsystem/Fans,261,4.4.52,查询风扇集合资源信息,GET,/redfish/v1/Chassis/{chassis_id}/ThermalSubsystem/Fans
1.0,high,True,359,3.4.67,查询风扇单个资源信息,GET,https://device_ip/redfish/v1/Chassis/chassis_id/ThermalSubsystem/Fans/fan_id,262,4.4.53,查询风扇单个资源信息,GET,/redfish/v1/Chassis/{chassis_id}/ThermalSubsystem/Fans/{fan_id}
1.0,high,True,360,3.4.68,设置风扇组、泵组转速批量下发,POST,https://device_ip/redfish/v1/Chassis/chassis_id/ThermalSubsystem/Actions/Oem/{{OemIdentifier}}/ThermalControlUnitGroup.SetExpectedSpeedPercent,263,4.4.54,设置风扇组、泵组转速批量下发,POST,/redfish/v1/Chassis/{chassis_id}/ThermalSubsystem/Actions/Oem/HuaweiPublic/ThermalControlUnitGroup.SetExpectedSpeedPercent
1.0,high,True,361,3.4.69,查询Sensors集合资源,GET,https://device_ip/redfish/v1/Chassis/chassis_id/Sensors,264,4.4.55,查询Sensors集合资源,GET,/redfish/v1/Chassis/{chassis_id}/Sensors
1.0,high,True,362,3.4.70,查询指定Sensor资源信息,GET,https://device_ip/ redfish/v1/Chassis/chassis_id/Sensors/sensor_id,265,4.4.56,查询指定Sensor资源信息,GET,/redfish/v1/Chassis/{chassis_id}/Sensors/{sensor_id}
0.9286,high,True,363,3.4.71,查询指定机箱散热度量资源信息,GET,https://device_ip/redfish/v1/Chassis/chassis_id/ThermalSubsystem/ThermalMetrics,224,4.4.15,查询指定机柜散热度量资源信息,GET,/redfish/v1/Chassis/{chassis_id}/ThermalSubsystem/ThermalMetrics
1.0,high,True,364,3.4.72,重新统计散热组件累计耗电量数据,POST,https://device_ip/redfish/v1/Chassis/chassis_id/ThermalSubsystem/ThermalMetrics/Actions/ThermalMetrics.ResetMetrics,225,4.4.16,重新统计散热组件累计耗电量数据,POST,/redfish/v1/Chassis/{chassis_id}/ThermalSubsystem/ThermalMetrics/Actions/ThermalMetrics.ResetMetrics
1.0,high,True,366,3.4.74,查询单个电源信息,GET,https://device_ip/redfish/v1/Chassis/ChassisId/PowerSubsystem/PowerSupplies/PowerSupplyId,266,4.4.57,查询单个电源信息,GET,/redfish/v1/Chassis/{chassis_id}/PowerSubsystem/PowerSupplies/{PowerSupply_Id}
1.0,high,True,367,3.4.75,查询单个电源度量信息,GET,https://device_ip/redfish/v1/Chassis/ChassisId/PowerSubsystem/PowerSupplies/PowerSupplyId/Metrics,267,4.4.58,查询单个电源度量信息,GET,/redfish/v1/Chassis/{chassis_id}/PowerSubsystem/PowerSupplies/{PowerSupply_Id}/Metrics
0.5714,high,True,381,3.5.1,查询会话服务信息,GET,https://device_ip/redfish/v1/SessionService,330,4.10.3.2.3,查询会话策略,GET,/redfish/v1/SessionService
0.5714,high,True,382,3.5.2,修改会话服务信息,PATCH,https://device_ip/redfish/v1/SessionService,331,4.10.3.2.4,修改会话策略,PATCH,/redfish/v1/SessionService
0.8,low,True,383,3.5.3,创建会话,POST,https://device_ip/redfish/v1/SessionService/Sessions,344,4.10.3.4.2,创建会话（登录）,POST,/redfish/v1/SessionService/Sessions
0.5,high,True,384,3.5.4,查询会话集合资源信息,GET,https://device_ip/redfish/v1/SessionService/Sessions,343,4.10.3.4.1,查询全量会话,GET,/redfish/v1/SessionService/Sessions
0.75,low,True,385,3.5.5,查询指定会话资源信息,GET,https://device_ip/redfish/v1/SessionService/Sessions/session_id,345,4.10.3.4.3,查询指定会话,GET,/redfish/v1/SessionService/Sessions/session_id
0.8,low,True,386,3.5.6,删除指定会话,DELETE,https://device_ip/redfish/v1/SessionService/Sessions/session_id,346,4.10.3.4.4,删除会话,DELETE,/redfish/v1/SessionService/Sessions/session_id
0.7273,medium,True,389,3.5.9,Web二次认证,POST,https://device_ip/redfish/v1/AccountService/Accounts,324,4.10.3.1.6,二次认证,POST,/redfish/v1/AccountService/check
0.4286,high,True,390,3.6.1,查询用户服务信息,GET,https://device_ip/redfish/v1/AccountService,328,4.10.3.2.1,查询账户策略,GET,/redfish/v1/AccountService
0.4286,high,True,391,3.6.2,修改用户服务信息,PATCH,https://device_ip/redfish/v1/AccountService,329,4.10.3.2.2,修改账户策略,PATCH,/redfish/v1/AccountService
0.5,high,True,392,3.6.3,查询用户集合资源信息,GET,https://device_ip/redfish/v1/AccountService/Accounts,322,4.10.3.1.4,查询全量用户,GET,/redfish/v1/AccountService/Accounts
0.75,low,True,393,3.6.4,查询指定用户资源信息,GET,https://device_ip/redfish/v1/AccountService/Accounts/member_id,323,4.10.3.1.5,查询指定用户,GET,/redfish/v1/AccountService/Accounts/member_id
0.8889,medium,True,394,3.6.5,创建新用户,POST,https://device_ip/redfish/v1/AccountService/Accounts,319,4.10.3.1.1,创建用户,POST,/redfish/v1/AccountService/Accounts
1.0,high,True,395,3.6.6,删除用户,DELETE,https://device_ip/redfish/v1/AccountService/Accounts/account_id,321,4.10.3.1.3,删除用户,DELETE,/redfish/v1/AccountService/Accounts/{account_id}
0.6667,high,True,396,3.6.7,修改指定用户信息,PATCH,https://device_ip/redfish/v1/AccountService/Accounts/account_id,320,4.10.3.1.2,修改用户,PATCH,/redfish/v1/AccountService/Accounts/{account_id}
0.56,high,True,399,3.6.10,双因素认证的用户的客户端证书导入,POST,https://device_ip/redfish/v1/AccountService/Accounts/account_id/Oem/Huawei/Public/Actions/Account.ImportMutualAuthClientCert,325,4.10.3.1.7,导入用户客户端证书,POST,/redfish/v1/AccountService/Accounts/account_id/Oem/Huawei/Actions/Account.ImportMutualAuthClientCert
0.56,high,True,400,3.6.11,双因素认证的用户的客户端证书删除,POST,https://device_ip/redfish/v1/AccountService/Accounts/account_id/Oem/Huawei/Public/Actions/Account.DeleteMutualAuthClientCert,326,4.10.3.1.8,删除用户客户端证书,POST,/redfish/v1/AccountService/Accounts/account_id/Oem/Huawei/Actions/Account.DeleteMutualAuthClientCert
1.0,high,True,403,3.6.14,SSH公钥导入,POST,https://device_ip/redfish/v1/AccountService/Accounts/account_id/Oem/Huawei/Public/Actions/Account.ImportSSHPublicKey,327,4.10.3.1.9,SSH公钥导入,POST,/redfish/v1/AccountService/Accounts/account_id/Oem/Huawei/Public/Actions/Account.ImportSSHPublicKey
1.0,high,True,405,3.6.16,查询角色集合资源信息,GET,https://device_ip/redfish/v1/AccountService/Roles,340,4.10.3.3.1,查询角色集合资源信息,GET,/redfish/v1/AccountService/Roles
1.0,high,True,406,3.6.17,查询指定角色信息,GET,https://device_ip/redfish/v1/AccountService/Roles/role_id,341,4.10.3.3.2,查询指定角色信息,GET,/redfish/v1/AccountService/Roles/role_id
0.5333,high,True,407,3.6.18,修改自定义角色权限,PATCH,https://device_ip/redfish/v1/AccountService/Roles/role_id,342,4.10.3.3.3,角色绑定权限,PATCH,/redfish/v1/AccountService/Roles/role_id
1.0,high,True,410,3.6.21,查询Ldap服务资源,GET,https://device_ip/redfish/v1/AccountService/LdapService,369,4.10.3.9.1,查询Ldap服务资源,GET,/redfish/v1/AccountService/LdapService
1.0,high,True,411,3.6.22,修改Ldap功能开启使能,PATCH,https://device_ip/redfish/v1/AccountService/LdapService,370,4.10.3.9.2,修改Ldap功能开启使能,PATCH,PATCH /redfish/v1/AccountService/LdapService
1.0,high,True,412,3.6.23,查询Ldap域控制器集合信息,GET,https://device_ip/redfish/v1/AccountService/LdapService/LdapControllers,371,4.10.3.9.3,查询Ldap域控制器集合信息,GET,/redfish/v1/AccountService/LdapService/LdapControllers
1.0,high,True,413,3.6.24,查询具体域控制器的信息,GET,https://device_ip/redfish/v1/AccountService/LdapService/LdapControllers/member_id,372,4.10.3.9.4,查询具体域控制器的信息,GET,/redfish/v1/AccountService/LdapService/LdapControllers/member_id
1.0,high,True,414,3.6.25,修改具体域控制器的信息,PATCH,https://device_ip/redfish/v1/AccountService/LdapService/LdapControllers/member_id,373,4.10.3.9.5,修改具体域控制器的信息,PATCH,/redfish/v1/AccountService/LdapService/LdapControllers/member_id
1.0,high,True,424,3.7.1,查询升级服务资源信息,GET,https://device_ip/redfish/v1/UpdateService,270,4.5.1,查询升级服务资源信息,GET,/redfish/v1/UpdateService
1.0,high,True,426,3.7.3,查询可升级固件集合资源信息,GET,https://device_ip/redfish/v1/UpdateService/FirmwareInventory,271,4.5.2,查询可升级固件集合资源信息,GET,/redfish/v1/UpdateService/FirmwareInventory
1.0,high,True,427,3.7.4,查询指定可升级固件资源信息,GET,https://device_ip/redfish/v1/UpdateService/FirmwareInventory/softid,272,4.5.3,查询指定可升级固件资源信息,GET,/redfish/v1/UpdateService/FirmwareInventory/{softid}
1.0,high,True,429,3.7.6,文件上传,POST,https://device_ip/redfish/v1/UpdateService/FirmwareInventory,275,4.5.6,文件上传,POST,/redfish/v1/UpdateService/FirmwareInventory
1.0,high,True,430,3.7.7,生效固件,POST,https://device_ip/redfish/v1/UpdateService/Actions/Oem/Huawei/Public/UpdateService.StartActivate,274,4.5.5,生效固件,POST,/redfish/v1/UpdateService/Actions/Oem/HuaweiPublic/UpdateService.StartActivate
0.4,high,True,431,3.7.8,并行升级,POST,https://device_ip/redfish/v1/UpdateService/Actions/Oem/Huawei/UpdateService.ParallelUpdate,273,4.5.4,批量升级固件（评）,POST,/redfish/v1/UpdateService/Actions/Oem/HuaweiPublic/UpdateService.ParallelUpdate
1.0,high,True,437,3.8.1,查询任务服务资源信息,GET,https://device_ip/redfish/v1/TaskService,277,4.6.1,查询任务服务资源信息,GET,/redfish/v1/TaskService
1.0,high,True,439,3.8.3,查询任务集合资源信息,GET,https://device_ip/redfish/v1/TaskService/Tasks,278,4.6.2,查询任务集合资源信息,GET,/redfish/v1/TaskService/Tasks
1.0,high,True,440,3.8.4,查询指定任务资源信息,GET,https://device_ip/redfish/v1/TaskService/Tasks/taskid,279,4.6.3,查询指定任务资源信息,GET,/redfish/v1/TaskService/Tasks/{taskid}
0.5217,high,True,441,3.8.5,查询指定Monitor信息,GET,https://device_ip/redfish/v1/TaskService/Tasks/task_id/Monitor,280,4.6.4,查询指定任务运行信息,GET,/redfish/v1/TaskService/Tasks/{taskid}/Monitor
1.0,high,True,442,3.8.6,查询指定子任务集合资源信息,GET,https://device_ip/redfish/v1/TaskService/Tasks/{taskid}/SubTasks,281,4.6.5,查询指定子任务集合资源信息,GET,/redfish/v1/TaskService/Tasks/{taskid}/SubTasks
1.0,high,True,443,3.8.7,查询指定子任务资源信息,GET,https://device_ip/redfish/v1/TaskService/Tasks/{taskid}/SubTasks/{subtaskid},282,4.6.6,查询指定子任务资源信息,GET,/redfish/v1/TaskService/Tasks/{taskid}/SubTasks/{subtaskid}
1.0,high,True,444,3.9.1,查询事件服务资源,GET,https://device_ip/redfish/v1/EventService,283,4.7.1,查询事件服务资源,GET,/redfish/v1/EventService
1.0,high,True,445,3.9.2,修改事件服务资源,PATCH,https://device_ip/redfish/v1/EventService,284,4.7.2,修改事件服务资源,PATCH,/redfish/v1/EventService
1.0,high,True,446,3.9.3,模拟测试事件,POST,https://device_ip/redfish/v1/EventService/Actions/EventService.SubmitTestEvent,285,4.7.3,模拟测试事件,POST,/redfish/v1/EventService/Actions/EventService.SubmitTestEvent
1.0,high,True,447,3.9.4,对未恢复的事件重新上报,POST,https://device_ip/redfish/v1/EventService/Actions/Oem/Huawei/Public/EventService.Rearm,286,4.7.4,对未恢复的事件重新上报,POST,/redfish/v1/EventService/Actions/Oem/HuaweiPublic/EventService.Rearm
1.0,high,True,448,3.9.5,模拟精准告警,POST,https://device_ip/redfish/v1/EventService/Actions/Oem/Huawei/Public/EventService.MockPreciseAlarm,287,4.7.5,模拟精准告警,POST,/redfish/v1/EventService/Actions/Oem/HuaweiPublic/EventService.MockPreciseAlarm
1.0,high,True,449,3.9.6,查询事件订阅集合资源,GET,https://device_ip/redfish/v1/EventService/Subscriptions,288,4.7.6,查询事件订阅集合资源,GET,/redfish/v1/EventService/Subscriptions
1.0,high,True,450,3.9.7,创建事件订阅资源,POST,https://device_ip/redfish/v1/EventService/Subscriptions,289,4.7.7,创建事件订阅资源,POST,/redfish/v1/EventService/Subscriptions
1.0,high,True,451,3.9.8,查询事件订阅资源,GET,https://device_ip/redfish/v1/EventService/Subscriptions/id,290,4.7.8,查询事件订阅资源,GET,/redfish/v1/EventService/Subscriptions/{id}
1.0,high,True,452,3.9.9,修改事件订阅资源,PATCH,https://device_ip/redfish/v1/EventService/Subscriptions/id,291,4.7.9,修改事件订阅资源,PATCH,/redfish/v1/EventService/Subscriptions/{id}
1.0,high,True,453,3.9.10,删除事件订阅资源,DELETE,https://device_ip/redfish/v1/EventService/Subscriptions/id,292,4.7.10,删除事件订阅资源,DELETE,/redfish/v1/EventService/Subscriptions/{id}
1.0,high,True,454,3.9.11,屏蔽系统事件上报,POST,https://device_ip/redfish/v1/EventService/Actions/Oem/Huawei/Public/EventService.ShieldSystemAlert,293,4.7.11,屏蔽系统事件上报,POST,/redfish/v1/EventService/Actions/Oem/HuaweiPublic/EventService.ShieldSystemAlert
0.875,medium,True,455,3.9.12,配置事件告警级别,POST,https://device_ip/redfish/v1/EventService/Actions/Oem/Huawei/Public/EventService.SetEventSeverityLevel,294,4.7.12,设置事件告警级别,POST,/redfish/v1/EventService/Actions/Oem/HuaweiPublic/EventService.SetEventSeverityLevel
1.0,high,True,467,3.10.10,文件上传操作,POST,http://device_ip/redfish/v1/Sms/1/UpdateService/Actions/UpdateService.UploadFile,276,4.5.7,文件上传操作（评）,POST,/redfish/v1/UpdateService/Actions/Oem/HuaweiPublic/UpdateService.Upload
1.0,high,True,473,3.11.1,查询数据采集服务资源,GET,https://device_ip/redfish/v1/DataAcquisitionService,295,4.8.1,查询数据采集服务资源,GET,/redfish/v1/DataAcquisitionService
1.0,high,True,474,3.11.2,修改数据采集服务开关状态,PATCH,https://device_ip/redfish/v1/DataAcquisitionService,296,4.8.2,修改数据采集服务开关状态,PATCH,/redfish/v1/DataAcquisitionService
1.0,high,True,477,3.11.6,清空“数据采集点信息表”,POST,https://device_ip/redfish/v1/DataAcquisitionService/Actions/HwDataAcquisitionService.ClearHistoryData,297,4.8.3,清空“数据采集点信息表”,POST,/redfish/v1/DataAcquisitionService/Actions/HwDataAcquisitionService.ClearHistoryData
1.0,high,True,478,3.11.8,查询数据表资源信息,GET,https://device_ip/redfish/v1/DataAcquisitionService/DataAcquisitionReport?ComponentType=component&MetricType=metric&StartTime=start_time&EndTime=end_time&SerialNumber=serial_number,298,4.8.5,查询数据表资源信息,GET,/redfish/v1/DataAcquisitionService/DataAcquisitionReport?ComponentType={component}&MetricType={metric}&StartTime={start_time}&EndTime={end_time}&SerialNumber={serial_number}
0.5714,high,True,481,3.12.1,查询证书服务信息,GET,https://device_ip/redfish/v1/CertificateService,332,4.10.3.2.5,查询证书策略,GET,/redfish/v1/CertificateService
0.5714,high,True,482,3.12.2,修改证书服务信息,PATCH,https://device_ip/redfish/v1/CertificateService,333,4.10.3.2.6,修改证书策略,PATCH,/redfish/v1/CertificateService
1.0,high,True,483,3.12.3,查询证书路径信息,GET,https://device_ip/redfish/v1/CertificateService/CertificateLocations,364,4.10.3.7.5,查询证书路径信息,GET,/redfish/v1/CertificateService/CertificateLocations
1.0,high,True,484,3.12.4,导入CA证书,POST,https://device_ip/redfish/v1/CertificateService/Actions/CertificateService.ImportCACertificate,360,4.10.3.7.1,导入CA证书,POST,/redfish/v1/CertificateService/Actions/CertificateService.ImportCACertificate
1.0,high,True,485,3.12.5,删除CA证书,POST,https://device_ip/redfish/v1/CertificateService/Actions/CertificateService.DeleteCACertificate,361,4.10.3.7.2,删除CA证书,POST,/redfish/v1/CertificateService/Actions/CertificateService.DeleteCACertificate
0.9524,high,True,486,3.12.6,导入CA证书的吊销列表,POST,https://device_ip/redfish/v1/CertificateService/Actions/CertificateService.ImportCACertificateCRL,365,4.10.3.7.6,导入CA证书吊销列表,POST,/redfish/v1/CertificateService/Actions/CertificateService.ImportCACertificateCRL
1.0,high,True,489,3.13.1,查询资源服务信息,GET,https://device_ip/redfish/v1/Oem/Huawei/Public/AssetService,384,4.12.1,查询资源服务信息,GET,/redfish/v1/Oem/HuaweiPublic/AssetService
1.0,high,True,490,3.13.2,查询硬件资产清单信息,GET,https://device_ip/redfish/v1/Oem/Huawei/Public/AssetService/AssetList,385,4.12.2,查询硬件资产清单信息,GET,/redfish/v1/Oem/HuaweiPublic/AssetService/AssetList
1.0,high,True,491,3.13.3,查询硬件资产变更信息,GET,https://device_ip/redfish/v1/Oem/Huawei/Public/AssetService/AssetChange,386,4.12.3,查询硬件资产变更信息,GET,/redfish/v1/Oem/HuaweiPublic/AssetService/AssetChange
1.0,high,True,492,3.13.4,刷新硬件资产变更信息,POST,https://device_ip/redfish/v1/Oem/Huawei/Public/AssetService/AssetChange/Actions/AssetChange.UpdateTrustStatus,387,4.12.4,刷新硬件资产变更信息,POST,/redfish/v1/Oem/HuaweiPublic/AssetService/AssetChange/Actions/AssetChange.UpdateTrustStatus
1.0,high,True,493,3.13.5,确认供应链配置检查信息,POST,https://device_ip/redfish/v1/Oem/Huawei/Public/AssetService/Actions/AssetService.ConfirmTrustedSupplyChain,388,4.12.5,确认供应链配置检查信息,POST,/redfish/v1/Oem/HuaweiPublic/AssetService/Actions/AssetService.ConfirmTrustedSupplyChain
1.0,high,True,501,3.15.1,查询遥测服务资源信息,GET,https://device_ip/redfish/v1/TelemetryService,299,4.9.1,查询遥测服务资源信息,GET,/redfish/v1/TelemetryService
1.0,high,True,502,3.15.2,修改遥测服务资源信息,PATCH,https://device_ip/redfish/v1/TelemetryService,300,4.9.2,修改遥测服务资源信息,PATCH,/redfish/v1/TelemetryService
1.0,high,True,503,3.15.3,查询指标项资源信息,GET,https://device_ip/redfish/v1/TelemetryService/MetricDefinitions,301,4.9.3,查询指标项资源信息,GET,/redfish/v1/TelemetryService/MetricDefinitions
1.0,high,True,504,3.15.4,查询指定指标定义资源信息,GET,https://device_ip/redfish/v1/TelemetryService/MetricDefinitions/id,302,4.9.4,查询指定指标定义资源信息,GET,/redfish/v1/TelemetryService/MetricDefinitions/{id}
1.0,high,True,505,3.15.5,查询指标报告定义资源信息,GET,https://device_ip/redfish/v1/TelemetryService/MetricReportDefinitions,303,4.9.5,查询指标报告定义资源信息,GET,/redfish/v1/TelemetryService/MetricReportDefinitions
1.0,high,True,506,3.15.6,创建指标报告定义资源信息,POST,https://device_ip/redfish/v1/TelemetryService/MetricReportDefinitions,304,4.9.6,创建指标报告定义资源信息,POST,/redfish/v1/TelemetryService/MetricReportDefinitions
1.0,high,True,507,3.15.7,修改指定指标报告定义资源信息,PATCH,https://device_ip/redfish/v1/TelemetryService/MetricReportDefinitions/id,305,4.9.7,修改指定指标报告定义资源信息,PATCH,/redfish/v1/TelemetryService/MetricReportDefinitions/{id}
1.0,high,True,508,3.15.8,删除指定指标报告定义,DELETE,https://device_ip/redfish/v1/TelemetryService/MetricReportDefinitions/id,306,4.9.8,删除指定指标报告定义,DELETE,/redfish/v1/TelemetryService/MetricReportDefinitions/{id}
1.0,high,True,509,3.15.9,查询指定指标报告定义资源信息,GET,https://device_ip/redfish/v1/TelemetryService/MetricReportDefinitions/id,307,4.9.9,查询指定指标报告定义资源信息,GET,/redfish/v1/TelemetryService/MetricReportDefinitions/{id}
1.0,high,True,510,3.15.10,查询指标报告集合资源信息,GET,https://device_ip/redfish/v1/TelemetryService/MetricReports,308,4.9.10,查询指标报告集合资源信息,GET,/redfish/v1/TelemetryService/MetricReports
1.0,high,True,511,3.15.11,查询指定指标报告资源信息,GET,https://device_ip/redfish/v1/TelemetryService/MetricReports/id,309,4.9.11,查询指定指标报告资源信息,GET,/redfish/v1/TelemetryService/MetricReports/{id}
1.0,high,True,512,3.15.12,查询触发器集合资源信息,GET,https://device_ip/redfish/v1/TelemetryService/Triggers,310,4.9.12,查询触发器集合资源信息,GET,/redfish/v1/TelemetryService/Triggers
1.0,high,True,513,3.15.13,创建触发器,POST,https://device_ip/redfish/v1/TelemetryService/Triggers,311,4.9.13,创建触发器,POST,/redfish/v1/TelemetryService/Triggers
1.0,high,True,514,3.15.14,查询指定触发器资源信息,GET,https://device_ip/redfish/v1/TelemetryService/Triggers/id,312,4.9.14,查询指定触发器资源信息,GET,/redfish/v1/TelemetryService/Triggers/{id}
1.0,high,True,515,3.15.15,修改指定触发器资源信息,PATCH,https://device_ip/redfish/v1/TelemetryService/Triggers/id,313,4.9.15,修改指定触发器资源信息,PATCH,/redfish/v1/TelemetryService/Triggers/{id}
1.0,high,True,516,3.15.16,删除指定触发器,DELETE,https://device_ip/redfish/v1/TelemetryService/Triggers/id,314,4.9.16,删除指定触发器,DELETE,/redfish/v1/TelemetryService/Triggers/{id}
1.0,high,True,517,3.15.17,提交测试指标报告上报,POST,https://device_ip/redfish/v1/TelemetryService/Actions/TelemetryService.SubmitTestMetricReport,315,4.9.17,提交测试指标报告上报,POST,/redfish/v1/TelemetryService/Actions/TelemetryService.SubmitTestMetricReport
1.0,high,True,518,3.15.18,清除指标报告,POST,https://device_ip/redfish/v1/TelemetryService/Actions/TelemetryService.ClearMetricReports,316,4.9.18,清除指标报告（未开发）,POST,/redfish/v1/TelemetryService/Actions/TelemetryService.ClearMetricReports
1.0,high,True,519,3.15.19,恢复指标报告定义到默认值,POST,https://device_ip/redfish/v1/TelemetryService/Actions/TelemetryService.ResetMetricReportDefinitionsToDefaults,317,4.9.19,恢复指标报告定义到默认值 （未开发）,POST,/redfish/v1/TelemetryService/Actions/TelemetryService.ResetMetricReportDefinitionsToDefaults
1.0,high,True,520,3.15.20,恢复触发器到默认值,POST,https://device_ip/redfish/v1/TelemetryService/Actions/TelemetryService.ResetTriggersToDefaults,318,4.9.20,恢复触发器到默认值 (未开发),POST,/redfish/v1/TelemetryService/Actions/TelemetryService.ResetTriggersToDefaults
0.7857,low,True,521,3.16.1,查询LCNService资源,GET,https://device_ip/redfish/v1/Oem/Huawei/LCNService,375,4.11.1,查询UBMService资源,GET,/redfish/v1/Oem/HuaweiPublic/UBMService
0.7273,medium,True,522,3.16.2,查询LCN设备集合信息,GET,https://device_ip/redfish/v1/Oem/Huawei/LCNService/LCNDevices,376,4.11.2,查询UBM设备集合信息,GET,/redfish/v1/Oem/HuaweiPublic/UBMService/UBMDevices
0.7273,medium,True,523,3.16.3,查询指定LCN设备信息,GET,https://device_ip/redfish/v1/Oem/Huawei/LCNService/LCNDevices/device_id,377,4.11.3,查询指定UBM设备信息,GET,/redfish/v1/Oem/HuaweiPublic/UBMService/UBMDevices/{device_id}
0.7273,medium,True,524,3.16.4,修改指定LCN设备信息,PATCH,https://device_ip/redfish/v1/Oem/Huawei/LCNService/LCNDevices/device_id,378,4.11.4,修改指定UBM设备信息,PATCH,/redfish/v1/Oem/HuaweiPublic/UBMService/UBMDevices/{device_id}
0.7692,low,True,525,3.16.5,查询LCN设备子卡集合信息,GET,https://device_ip/redfish/v1/Oem/Huawei/LCNService/LCNDevices/device_id/SubCards,379,4.11.5,查询UBM设备子卡集合信息,GET,/redfish/v1/Oem/HuaweiPublic/UBMService/UBMDevices/{device_id}/SubCards
0.7692,low,True,526,3.16.6,查询指定LCN设备子卡信息,GET,https://device_ip/redfish/v1/Oem/Huawei/LCNService/LCNDevices/device_id/SubCards/card_id,380,4.11.6,查询指定UBM设备子卡信息,GET,/redfish/v1/Oem/HuaweiPublic/UBMService/UBMDevices/{device_id}/SubCards/{card_id}
0.64,medium,True,528,3.16.8,导出指定LCN设备日志,POST,https://device_ip/redfish/v1/Oem/Huawei/LCNService/LCNDevices/device_id/Actions/LCN.ExportLog,381,4.11.7,导出指定UBM设备日志 (待更新),POST,/redfish/v1/Oem/HuaweiPublic/UBMService/UBMDevices/{device_id}/Actions/UBM.ExportLog
